{
    "A": [
        "EF.peg.992",
        "EF.peg.1895",
        "EF.peg.540",
        "EF.peg.328",
        "EF.peg.702",
        "EF.peg.2211",
        "EF.peg.2368",
        "EF.peg.701",
        "EF.peg.327",
        "EF.peg.1894",
        "EF.peg.1893",
        "EF.peg.325",
        "EF.peg.699",
        "EF.peg.324",
        "EF.peg.329",
        "EF.peg.330",
        "EF.peg.2367",
        "EF.peg.698",
        "EF.peg.326"
    ],
    "B": [
        "EF.peg.2991",
        "EF.peg.697",
        "EF.peg.703",
        "EF.peg.2173",
        "EF.peg.1892"
    ],
    "C": [],
    "D": [],
    "E": [],
    "A_x": [
        7.32603823813384,
        8.23075380037907,
        6.54030843598373,
        6.37418145222688,
        9.10103857709793,
        8.4856969786649,
        6.48550575109448,
        8.8058867047155,
        8.17659489471441,
        9.52348230359389,
        8.40633102726289,
        6.36768369631373,
        6.48078610452098,
        6.54828859117718,
        7.44033612777795,
        8.13632271550426,
        6.32929727554989,
        6.65418548400522,
        7.39327855092381
    ],
    "B_x": [
        7.42704347806436,
        6.50809457410188,
        6.61516768429853,
        6.33734503517374,
        7.0718901711553
    ],
    "C_x": [],
    "D_x": [],
    "E_x": [],
    "A_y": [
        8.28782916633502,
        7.64165392390978,
        6.42349691606271,
        6.66143332176643,
        8.34115428581853,
        8.33960393805231,
        7.53420218133286,
        7.83088015488589,
        8.15924078738569,
        8.81860510477477,
        7.5769183267985,
        6.49127418419648,
        6.48867985046798,
        7.83005727530655,
        7.77630010421015,
        8.08764119053699,
        7.05347467385705,
        6.60762646411634,
        7.72805957755796
    ],
    "B_y": [
        4.897091204696,
        6.13819406256861,
        5.17352293934992,
        5.72209407439753,
        6.13065506678981
    ],
    "C_y": [],
    "D_y": [],
    "E_y": [],
    "A_pval_x": [
        5.22895504051085e-06,
        9.1275864330564e-14,
        7.548118793060439e-13,
        3.09626287578626e-16,
        2.35212409773234e-21,
        1.42724382005713e-18,
        4.98738602025787e-17,
        2.35212409773234e-21,
        1.14373033899674e-20,
        9.80753036615439e-28,
        4.96601048785949e-24,
        1.74064550142186e-15,
        2.55797765441055e-16,
        2.5630804576862e-14,
        4.689754280817e-16,
        9.473595087177172e-20,
        3.04450168014128e-16,
        5.47511453222616e-14,
        1.93003085336213e-17
    ],
    "A_pval_y": [
        2.0622580865094e-08,
        3.21917224161107e-12,
        2.68428524969306e-12,
        2.49318344108693e-17,
        2.78774452296951e-18,
        5.6278575722441096e-18,
        3.16232496681541e-21,
        2.49318344108693e-17,
        2.20230402085658e-20,
        3.37165373548691e-24,
        2.76499587973168e-20,
        6.39341521166958e-16,
        2.51834635939589e-16,
        1.5857497412990502e-19,
        2.5251877133552e-17,
        1.7493028163504102e-19,
        2.14618311877996e-19,
        1.13896401400121e-13,
        8.64856228542543e-19
    ],
    "B_pval_x": [
        9.87959618588318e-19,
        1.6730592551080402e-15,
        1.25658447771646e-16,
        1.65393860480334e-14,
        2.79566684408545e-18
    ],
    "B_pval_y": [
        5.453617498837401e-10,
        7.51558406965473e-14,
        6.56735896741201e-11,
        6.00801659082961e-12,
        2.4671209597749702e-14
    ],
    "C_pval_x": [],
    "C_pval_y": [],
    "D_pval_x": [],
    "D_pval_y": [],
    "E_pval_x": [],
    "E_pval_y": [],
    "COLORS": [
        "turquoise",
        "crimson",
        "orangered",
        "navy",
        "greenyellow"
    ],
    "params": {
        "FC cond x": "Ag_t90_logFC",
        "FC cond y": "V2A_t90_logFC",
        "padj cond x": "Ag_t90_padj",
        "padj cond y": "V2A_t90_padj",
        "incl aver": false,
        "base_dir": "D:/GED_VIS_PROJECT/Dataset7_REDO",
        "filename": "out.csv",
        "zscore": false,
        "Treatment1 name": "Ag_t90",
        "Treatment2 name": "V2A_t90",
        "Control name": "Ctrl",
        "fig_size": 10,
        "save_dir": "D:/GED_VIS_PROJECT/Dataset7_REDO/Scorecard_STANDARD",
        "colors": [
            "turquoise",
            "crimson",
            "orangered",
            "navy",
            "greenyellow"
        ],
        "other_colors": [
            "lavenderblush",
            "mistyrose",
            "plum"
        ],
        "th_fold_change": 2.5,
        "th_significance": 0.001,
        "font_size_quadrants": 8,
        "font_size_examples": 16,
        "marker_trasp": [
            0.95,
            0.8,
            0.65,
            0.45
        ],
        "rect_trasp": [
            0.25,
            0.15,
            0.4
        ],
        "rect_colors": [
            "silver",
            "lightgrey",
            "darkgrey"
        ],
        "markers": [
            "o",
            "^",
            "s",
            "*",
            "X",
            "p",
            "."
        ],
        "markers_sizes": [
            14,
            12,
            10,
            8
        ],
        "is_example": false,
        "use_notation": true,
        "gene_name": "GN",
        "multiplication factor": 2.5,
        "CSV delimiter": ",",
        "Log Epsilon": 1e-10,
        "Scorecard title": "Nosocomial Ent. faec. under metal stress",
        "labels font size": 18,
        "Total entries": 3025,
        "Quadrant entries": 1116
    }
}