{
    "A": [
        "EF.peg.1868",
        "EF.peg.2384",
        "EF.peg.426",
        "EF.peg.2437",
        "EF.peg.8",
        "EF.peg.1550",
        "EF.peg.871",
        "EF.peg.1795",
        "EF.peg.2521",
        "EF.peg.126",
        "EF.peg.886",
        "EF.peg.589",
        "EF.peg.635",
        "EF.peg.2438"
    ],
    "B": [
        "EF.peg.841",
        "EF.peg.939"
    ],
    "C": [
        "EF.peg.634",
        "EF.peg.3034"
    ],
    "D": [],
    "E": [],
    "A_x": [
        -10.2692864619328,
        -9.76637319596665,
        -9.24939580284643,
        -9.68043141798683,
        -8.4234089872558,
        -10.8386655250757,
        -10.0456305674809,
        -7.1870698991846,
        -9.35086428221858,
        -10.1763114004432,
        -7.39983040649999,
        -9.54140604824402,
        -6.26995161371926,
        -8.72335815635959
    ],
    "B_x": [
        -9.23983687904084,
        -11.4893761872824
    ],
    "C_x": [
        -6.24457234766386,
        -4.80223018795191
    ],
    "D_x": [],
    "E_x": [],
    "A_y": [
        -10.2692864619328,
        -9.76637319596665,
        -9.24939580284643,
        -9.68043141798683,
        -8.4234089872558,
        -10.8386655250757,
        -10.0456305674809,
        -7.1870698991846,
        -9.35086428221858,
        -10.1763114004432,
        -7.39983040649999,
        -9.54140604824402,
        -6.59762508231055,
        -8.7233581563596
    ],
    "B_y": [
        -4.37476580241113,
        -3.38636989393872
    ],
    "C_y": [
        -6.38538002592844,
        -6.6509768510006
    ],
    "D_y": [],
    "E_y": [],
    "A_pval_x": [
        1.95513972662845e-09,
        2.90022623364501e-08,
        5.9387669955036e-06,
        1.82327330153469e-07,
        0.000921137032285,
        9.62476474474313e-10,
        2.32459018235855e-09,
        0.0008484504231685,
        1.60261924565617e-06,
        9.48461748575939e-10,
        0.0007081254081584,
        1.09950846726405e-07,
        1.7852551046e-07,
        0.0006433599773568
    ],
    "A_pval_y": [
        5.32654950688352e-10,
        8.34071666477688e-09,
        3.47935645494291e-06,
        6.27060153507137e-08,
        0.0006696790412072,
        3.15887901895228e-10,
        5.56220948348046e-10,
        0.0004539209020582,
        7.45187255421508e-07,
        2.33198447782789e-10,
        0.0003991384515688,
        3.28761854064016e-08,
        5.23915741718697e-08,
        0.0004784906086732
    ],
    "B_pval_x": [
        2.10133353930278e-06,
        9.14245024999787e-13
    ],
    "B_pval_y": [
        0.0003522420896682,
        0.0001080112082172
    ],
    "C_pval_x": [
        2.09153290954629e-08,
        3.12198735491799e-07
    ],
    "C_pval_y": [
        1.31620168317874e-08,
        1.67787810062317e-10
    ],
    "D_pval_x": [],
    "D_pval_y": [],
    "E_pval_x": [],
    "E_pval_y": [],
    "COLORS": [
        "turquoise",
        "crimson",
        "orangered",
        "navy",
        "greenyellow"
    ],
    "params": {
        "FC cond x": "Ag_t90_logFC",
        "FC cond y": "V2A_t90_logFC",
        "padj cond x": "Ag_t90_padj",
        "padj cond y": "V2A_t90_padj",
        "incl aver": false,
        "base_dir": "D:/GED_VIS_PROJECT/Dataset7_REDO",
        "filename": "out.csv",
        "zscore": false,
        "Treatment1 name": "Ag_t90",
        "Treatment2 name": "V2A_t90",
        "Control name": "Ctrl",
        "fig_size": 10,
        "save_dir": "D:/GED_VIS_PROJECT/Dataset7_REDO/Scorecard_STANDARD",
        "colors": [
            "turquoise",
            "crimson",
            "orangered",
            "navy",
            "greenyellow"
        ],
        "other_colors": [
            "lavenderblush",
            "mistyrose",
            "plum"
        ],
        "th_fold_change": 2.5,
        "th_significance": 0.001,
        "font_size_quadrants": 8,
        "font_size_examples": 16,
        "marker_trasp": [
            0.95,
            0.8,
            0.65,
            0.45
        ],
        "rect_trasp": [
            0.25,
            0.15,
            0.4
        ],
        "rect_colors": [
            "silver",
            "lightgrey",
            "darkgrey"
        ],
        "markers": [
            "o",
            "^",
            "s",
            "*",
            "X",
            "p",
            "."
        ],
        "markers_sizes": [
            14,
            12,
            10,
            8
        ],
        "is_example": false,
        "use_notation": true,
        "gene_name": "GN",
        "multiplication factor": 2.5,
        "CSV delimiter": ",",
        "Log Epsilon": 1e-10,
        "Scorecard title": "Nosocomial Ent. faec. under metal stress",
        "labels font size": 18,
        "Total entries": 3025,
        "Quadrant entries": 1259
    }
}