{
    "A": [
        "EF.peg.1868",
        "EF.peg.2384",
        "EF.peg.658",
        "EF.peg.481",
        "EF.peg.1803",
        "EF.peg.2546",
        "EF.peg.841",
        "EF.peg.426",
        "EF.peg.2437",
        "EF.peg.875",
        "EF.peg.1851",
        "EF.peg.1550",
        "EF.peg.2521",
        "EF.peg.2554",
        "EF.peg.339",
        "EF.peg.882",
        "EF.peg.887",
        "EF.peg.995"
    ],
    "B": [],
    "C": [],
    "D": [],
    "E": [],
    "A_x": [
        -10.2692864619328,
        -9.76637319596665,
        -9.41535763712579,
        -9.44154502300853,
        -9.08591282315135,
        -4.74888258734612,
        -4.37476580241113,
        -9.24939580284643,
        -9.68043141798683,
        -8.06936115101169,
        -7.96265372374052,
        -10.8386655250757,
        -9.35086428221858,
        -9.59020275911229,
        -4.8354737052528,
        -4.30346226900279,
        -8.42323076248182,
        -4.87184056894252
    ],
    "B_x": [],
    "C_x": [],
    "D_x": [],
    "E_x": [],
    "A_y": [
        -10.2692864619328,
        -9.76637319596665,
        -9.41535763712579,
        -9.44154502300853,
        -9.08591282315135,
        -5.2584035725293,
        -4.8820551235682,
        -9.24939580284643,
        -5.29312275750632,
        -8.06936115101169,
        -7.96265372374052,
        -10.8386655250757,
        -9.35086428221858,
        -9.59020275911229,
        -5.34187877434208,
        -9.1392147478083,
        -8.42323076248182,
        -5.38091282783503
    ],
    "B_y": [],
    "C_y": [],
    "D_y": [],
    "E_y": [],
    "A_pval_x": [
        5.32654950688352e-10,
        8.34071666477688e-09,
        3.51854546057974e-08,
        2.45588310651042e-07,
        5.08315625136645e-07,
        7.31321709656316e-06,
        0.0003522420896682,
        3.47935645494291e-06,
        6.27060153507137e-08,
        3.50738939668318e-05,
        6.40986240049439e-05,
        3.15887901895228e-10,
        7.45187255421508e-07,
        4.5731388838682e-09,
        4.02917676929588e-05,
        0.0001799497582105,
        3.53411660103209e-05,
        2.22080786858708e-06
    ],
    "A_pval_y": [
        6.8228473039114e-09,
        7.9034646957692e-08,
        3.01500902644259e-07,
        1.76194034018165e-06,
        3.5697528322997e-06,
        9.44155059446872e-06,
        0.0007141857808529,
        2.17443462913548e-05,
        6.55577766496855e-05,
        0.0002549088275778,
        0.0004850885036145,
        3.644727218397351e-09,
        4.78470645064526e-06,
        4.944797892041e-08,
        6.57870761587578e-05,
        2.78539876976147e-06,
        0.0002447764227657,
        2.82475280199442e-06
    ],
    "B_pval_x": [],
    "B_pval_y": [],
    "C_pval_x": [],
    "C_pval_y": [],
    "D_pval_x": [],
    "D_pval_y": [],
    "E_pval_x": [],
    "E_pval_y": [],
    "M": [],
    "S": [],
    "R": [],
    "M_x": [],
    "S_x": [],
    "R_x": [],
    "M_y": [],
    "S_y": [],
    "R_y": [],
    "M_pval_x": [],
    "M_pval_y": [],
    "S_pval_x": [],
    "S_pval_y": [],
    "R_pval_x": [],
    "R_pval_y": [],
    "COLORS": [
        "indigo",
        "darkorange",
        "chocolate",
        "lightcoral",
        "forestgreen"
    ],
    "params": {
        "FC cond x": "V2A_t90_logFC",
        "FC cond y": "V2A_t03_logFC",
        "padj cond x": "V2A_t90_padj",
        "padj cond y": "V2A_t03_padj",
        "incl aver": true,
        "base_dir": "D:/GED_VIS_PROJECT/Dataset7_REDO",
        "filename": "out.csv",
        "zscore": false,
        "Treatment1 name": "V2A_t90",
        "Treatment2 name": "V2A_t03",
        "Control name": "Ctrl",
        "fig_size": 10,
        "save_dir": "D:/GED_VIS_PROJECT/Dataset7_REDO/Scorecard_FULL_time_comp",
        "colors": [
            "indigo",
            "darkorange",
            "chocolate",
            "lightcoral",
            "forestgreen"
        ],
        "other_colors": [
            "mintcream",
            "pink",
            "bisque"
        ],
        "th_fold_change": 2,
        "th_significance": 0.001,
        "font_size_quadrants": 8,
        "font_size_examples": 16,
        "marker_trasp": [
            0.95,
            0.8,
            0.65,
            0.45
        ],
        "rect_trasp": [
            0.25,
            0.15,
            0.4
        ],
        "rect_colors": [
            "silver",
            "lightgrey",
            "darkgrey"
        ],
        "markers": [
            "o",
            "^",
            "s",
            "*",
            "X",
            "p",
            "."
        ],
        "markers_sizes": [
            14,
            12,
            10,
            8
        ],
        "is_example": false,
        "use_notation": true,
        "gene_name": "GN",
        "multiplication factor": 2,
        "CSV delimiter": ",",
        "Log Epsilon": 1e-10,
        "Scorecard title": "Nosocomial Ent. faec. under metal stress",
        "labels font size": 18,
        "Total entries": 3025,
        "Quadrant entries": 860
    }
}