{
    "A": [
        "EF.peg.2384",
        "EF.peg.658",
        "EF.peg.481",
        "EF.peg.1803",
        "EF.peg.2546",
        "EF.peg.841",
        "EF.peg.426",
        "EF.peg.2437",
        "EF.peg.2473",
        "EF.peg.871",
        "EF.peg.111",
        "EF.peg.2521",
        "EF.peg.2531",
        "EF.peg.634",
        "EF.peg.1538",
        "EF.peg.339",
        "EF.peg.1704",
        "EF.peg.635",
        "EF.peg.887",
        "EF.peg.2438",
        "EF.peg.363",
        "EF.peg.995"
    ],
    "B": [
        "EF.peg.988",
        "EF.peg.473",
        "EF.peg.3034",
        "EF.peg.1125",
        "EF.peg.1128",
        "EF.peg.1127",
        "EF.peg.1129",
        "EF.peg.1135",
        "EF.peg.1126",
        "EF.peg.1131",
        "EF.peg.1132",
        "EF.peg.1133",
        "EF.peg.1136"
    ],
    "C": [
        "EF.peg.2355"
    ],
    "D": [],
    "E": [],
    "A_x": [
        -9.76637319596665,
        -9.41535763712579,
        -9.44154502300853,
        -9.08591282315135,
        -4.74888258734612,
        -4.37476580241113,
        -9.24939580284643,
        -9.68043141798683,
        -11.2845864951124,
        -10.0456305674809,
        -9.26548387813925,
        -9.35086428221858,
        -10.186348827755,
        -6.38538002592844,
        -4.29560680878606,
        -4.8354737052528,
        -6.15177427921196,
        -6.59762508231055,
        -8.42323076248182,
        -8.7233581563596,
        -4.82748856718759,
        -4.87184056894252
    ],
    "B_x": [
        -4.09157039225395,
        -4.27163969204536,
        -6.6509768510006,
        -5.03368728396072,
        -4.39223697356478,
        -4.12179108832596,
        -4.26293241321853,
        -4.41252960180226,
        -4.66689691965602,
        -4.34137211474236,
        -5.47560345245698,
        -4.05577157961598,
        -4.31412572508725
    ],
    "C_x": [
        -3.77240711311955
    ],
    "D_x": [],
    "E_x": [],
    "A_y": [
        -9.76637319596665,
        -9.41535763712578,
        -5.10725304196982,
        -9.08591282315135,
        -5.28201265210294,
        -4.90554489800214,
        -9.24939580284643,
        -9.68043141798683,
        -11.2845864951124,
        -10.0456305674809,
        -9.26548387813924,
        -9.35086428221858,
        -10.186348827755,
        -4.62092787993834,
        -4.27667681841829,
        -5.36531414894498,
        -5.24834930619866,
        -6.49369335818265,
        -8.42323076248182,
        -8.72335815635959,
        -4.70278744647268,
        -5.40450186088523
    ],
    "B_y": [
        -3.51731561249988,
        -3.49225076559436,
        -3.69496187081526,
        -3.63585249683555,
        -3.48696114581042,
        -3.28399164239948,
        -3.8552025506509,
        -3.42442328605517,
        -3.73153908926363,
        -3.66763096523328,
        -3.55574643900117,
        -3.33832804012176,
        -3.40979976259182
    ],
    "C_y": [
        -5.08224913469648
    ],
    "D_y": [],
    "E_y": [],
    "A_pval_x": [
        8.34071666477688e-09,
        3.51854546057974e-08,
        2.45588310651042e-07,
        5.08315625136645e-07,
        7.31321709656316e-06,
        0.0003522420896682,
        3.47935645494291e-06,
        6.27060153507137e-08,
        5.453617498837401e-10,
        5.56220948348046e-10,
        5.15479729356858e-07,
        7.45187255421508e-07,
        4.68773094199344e-10,
        1.31620168317874e-08,
        4.2021709461747e-06,
        4.02917676929588e-05,
        2.04640313733049e-08,
        5.23915741718697e-08,
        3.53411660103209e-05,
        0.0004784906086732,
        0.0003052618311095,
        2.22080786858708e-06
    ],
    "A_pval_y": [
        4.99283193957513e-08,
        2.1450860228883e-07,
        6.60022793194599e-05,
        2.26606354766392e-06,
        3.60299579426077e-06,
        0.0002128539383229,
        9.90633368658271e-06,
        2.96723975255031e-07,
        2.28498978601101e-09,
        4.02618482575569e-09,
        2.14918256347334e-06,
        2.76972580841057e-06,
        3.05271086250026e-09,
        8.44824239743374e-06,
        4.83042461005758e-06,
        2.25812558103864e-05,
        5.38596702957484e-07,
        1.43772817720609e-07,
        0.0001046247989488,
        0.0009607423954293,
        0.0007067977414611,
        1.22366548807752e-06
    ],
    "B_pval_x": [
        4.37448544663117e-05,
        4.02917676929588e-05,
        1.67787810062317e-10,
        2.1052980040022e-06,
        1.93924249578531e-05,
        5.54750869433193e-05,
        2.23072610172856e-05,
        3.50135933166972e-05,
        7.80445096170491e-06,
        1.51679183903542e-05,
        1.16071959480126e-06,
        7.30791023772307e-05,
        4.51639544844149e-05
    ],
    "B_pval_y": [
        0.0003241296097372,
        0.0005647066164131,
        3.7738417633838e-05,
        0.000301810813521,
        0.0004488271291929,
        0.0009287066871743,
        8.62776279984633e-05,
        0.0008530333986507,
        0.0002024617911039,
        0.0001709814696204,
        0.0007032422400929,
        0.0008207306377889,
        0.0008524199140131
    ],
    "C_pval_x": [
        2.41807380531621e-05
    ],
    "C_pval_y": [
        2.17670169212335e-07
    ],
    "D_pval_x": [],
    "D_pval_y": [],
    "E_pval_x": [],
    "E_pval_y": [],
    "M": [
        "EF.peg.511",
        "EF.peg.989",
        "EF.peg.2202",
        "EF.peg.1362",
        "EF.peg.2250",
        "EF.peg.2249",
        "EF.peg.1130",
        "EF.peg.2930",
        "EF.peg.3017",
        "EF.peg.1134",
        "EF.peg.512",
        "EF.peg.1137",
        "EF.peg.364",
        "EF.peg.1138",
        "EF.peg.1124"
    ],
    "S": [],
    "R": [],
    "M_x": [
        -3.18826857585952,
        -2.85087661309325,
        -3.4585532530322,
        -2.99157566405102,
        -3.06940862236252,
        -2.82311789360075,
        -3.19017062350644,
        -3.56656960908428,
        -2.9106837291984,
        -3.38170555765091,
        -3.10662357108506,
        -3.71491938818622,
        -3.56788951929191,
        -3.91219440087351,
        -3.72666430064592
    ],
    "S_x": [],
    "R_x": [],
    "M_y": [
        -3.68334129638083,
        -3.40288711845415,
        -3.26758339111633,
        -3.48305106197993,
        -2.92923988959037,
        -3.00573096180946,
        -3.32731957791699,
        -3.74937837920606,
        -3.90683477377984,
        -3.4864332448838,
        -2.96919878429907,
        -3.57832780795411,
        -3.22400711472109,
        -3.50088827969966,
        -3.70174152411094
    ],
    "S_y": [],
    "R_y": [],
    "M_pval_x": [
        0.000834094535962,
        0.0007208606443386,
        8.08726244872494e-05,
        0.0004853891042636,
        0.0003309128851325,
        0.0008891526714375,
        0.0008568498172125,
        0.0002520715490845,
        0.000640636635207,
        0.0006285562336369,
        0.0004853891042636,
        0.0001568084568359,
        5.22652125043109e-05,
        0.0001543288198401,
        0.0002108579172047
    ],
    "M_pval_y": [
        0.0001397035735107,
        8.17302783575512e-05,
        0.0001868056351835,
        6.59657959540539e-05,
        0.0005863176179361,
        0.000470810548378,
        0.0005381152808809,
        0.0001141283416917,
        1.0545939539679e-05,
        0.0004298107347233,
        0.0008469555367162,
        0.0002417866365823,
        0.0002119455441633,
        0.0005815867654558,
        0.0002119455441633
    ],
    "S_pval_x": [],
    "S_pval_y": [],
    "R_pval_x": [],
    "R_pval_y": [],