{
    "A": [
        "SA_RS03110"
    ],
    "B": [
        "SA_RS14740",
        "SA_RS13430"
    ],
    "C": [
        "SA_RS09835"
    ],
    "D": [
        "Novel00071",
        "Novel00072",
        "SA_RS08310",
        "SA_RS08315"
    ],
    "E": [],
    "A_x": [
        5.638921637
    ],
    "B_x": [
        3.515224205,
        3.667980448
    ],
    "C_x": [
        2.020777822
    ],
    "D_x": [
        3.867887448,
        3.278442214,
        3.176381455,
        3.025061839
    ],
    "E_x": [],
    "A_y": [
        3.46499388
    ],
    "B_y": [
        2.419379212,
        2.03898173
    ],
    "C_y": [
        3.487644051
    ],
    "D_y": [
        1.934213439,
        1.363196775,
        1.582373633,
        1.547552845
    ],
    "E_y": [],
    "A_pval_x": [
        3.49e-10
    ],
    "A_pval_y": [
        4.33e-11
    ],
    "B_pval_x": [
        0.000626328,
        0.000626328
    ],
    "B_pval_y": [
        0.000651682,
        0.000969054
    ],
    "C_pval_x": [
        0.011784676
    ],
    "C_pval_y": [
        5.09e-17
    ],
    "D_pval_x": [
        0.002117539,
        0.047401879,
        0.027888952,
        0.002117539
    ],
    "D_pval_y": [
        0.000301959,
        0.049158512,
        0.00891829,
        0.008762649
    ],
    "E_pval_x": [],
    "E_pval_y": [],
    "COLORS": [
        "goldenrod",
        "limegreen",
        "dodgerblue",
        "sandybrown",
        "crimson"
    ],
    "params": {
        "FC cond x": "OxvsUn_log2FoldChange",
        "FC cond y": "Lor_OxvsLor_log2FoldChange",
        "padj cond x": "OxvsUn_padj",
        "padj cond y": "Lor_OxvsLor_padj",
        "incl aver": false,
        "base_dir": "D:/GED_VIS_PROJECT/Dataset3_REDO",
        "filename": "USA100_comp.CSV",
        "zscore": false,
        "Treatment1 name": "OxvsUn",
        "Treatment2 name": "Lor_OxvsLor",
        "Control name": "Un",
        "fig_size": 10,
        "save_dir": "D:/GED_VIS_PROJECT/Dataset3_REDO/Scorecard_STANDARD",
        "colors": [
            "goldenrod",
            "limegreen",
            "dodgerblue",
            "sandybrown",
            "crimson"
        ],
        "other_colors": [
            "darkcyan",
            "indigo",
            "orangered"
        ],
        "th_fold_change": 2,
        "th_significance": 0.05,
        "font_size_quadrants": 8,
        "font_size_examples": 16,
        "marker_trasp": [
            0.95,
            0.8,
            0.65,
            0.45
        ],
        "rect_trasp": [
            0.25,
            0.15,
            0.4
        ],
        "rect_colors": [
            "silver",
            "lightgrey",
            "darkgrey"
        ],
        "markers": [
            "o",
            "^",
            "s",
            "*",
            "X",
            "p",
            "."
        ],
        "markers_sizes": [
            14,
            12,
            10,
            8
        ],
        "is_example": false,
        "use_notation": false,
        "gene_name": "gene_id",
        "multiplication factor": 1.5,
        "CSV delimiter": ";",
        "Log Epsilon": 1e-10,
        "Scorecard title": "MRSA USA100 cultures",
        "labels font size": 18,
        "Total entries": 3160,
        "Quadrant entries": 935
    }
}