{
    "A": [
        "SMU_1597c",
        "bgl",
        "celR",
        "ptcA",
        "ptcB",
        "ptcC"
    ],
    "B": [],
    "C": [
        "SMU_310",
        "SMU_311",
        "SMU_312",
        "SMU_313",
        "SMU_314",
        "SMU_494",
        "gldA",
        "pdhC",
        "pfl2"
    ],
    "D": [],
    "E": [
        "SMU_309",
        "bglP",
        "pttB",
        "treA"
    ],
    "A_x": [
        -6.064545924,
        -4.192978068,
        -5.503414562,
        -5.567065261,
        -5.042171335,
        -6.476038662
    ],
    "B_x": [],
    "C_x": [
        -2.18238614,
        -2.594974584,
        -2.7133766,
        -3.166132042,
        -3.269250234,
        -2.473805378,
        -2.097889509,
        -2.420068938,
        -2.422775917
    ],
    "D_x": [],
    "E_x": [
        -1.945078206,
        -1.16692413,
        -1.853312921,
        -1.469142546
    ],
    "A_y": [
        6.290584453,
        4.704941072,
        6.862894718,
        7.091012191,
        6.572766458,
        6.148177387
    ],
    "B_y": [],
    "C_y": [
        4.290082467,
        4.023679602,
        4.151624019,
        4.055880759,
        4.015307695,
        4.419039035,
        4.14698177,
        4.314062087,
        4.744271169
    ],
    "D_y": [],
    "E_y": [
        4.154600357,
        4.553429258,
        4.763348703,
        4.980581607
    ],
    "A_pval_x": [
        4.2e-62,
        2.89e-46,
        1.22e-96,
        2.5599999999999998e-61,
        8.61e-73,
        1.38e-63
    ],
    "A_pval_y": [
        7.1e-28,
        5.35e-90,
        5.100000000000001e-31,
        3.74e-33,
        1.0600000000000001e-32,
        8.93e-19
    ],
    "B_pval_x": [],
    "B_pval_y": [],
    "C_pval_x": [
        8.68e-07,
        3.62e-15,
        1.92e-13,
        1.26e-26,
        1.3400000000000002e-21,
        4.2e-08,
        5.99e-11,
        1.29e-10,
        1.3e-18
    ],
    "C_pval_y": [
        1.41e-81,
        5.2999999999999994e-48,
        3.18e-50,
        1.61e-62,
        4.59e-63,
        8.51e-18,
        1.3500000000000001e-27,
        6.2e-29,
        3.09e-59
    ],
    "D_pval_x": [],
    "D_pval_y": [],
    "E_pval_x": [
        9.78e-10,
        0.000304958,
        1.97e-10,
        5.09e-05
    ],
    "E_pval_y": [
        5.14e-73,
        2.0500000000000002e-26,
        2.96e-98,
        3.71e-50
    ],
    "M": [
        "SMU_168",
        "SMU_1704",
        "SMU_1705",
        "SMU_1706",
        "SMU_491",
        "SMU_507",
        "SMU_508",
        "SMU_704c",
        "SMU_706c",
        "adhA",
        "adhC",
        "adhD",
        "galR",
        "lplA",
        "lytR",
        "lytS"
    ],
    "S": [
        "SMU_1977c",
        "SMU_709",
        "nrdD"
    ],
    "R": [
        "SMU_1116c",
        "SMU_180",
        "SMU_2127",
        "SMU_631",
        "adhB",
        "galK",
        "mtlD",
        "pdhB",
        "sgaT"
    ],
    "M_x": [
        -2.429494746,
        -3.157200229,
        -3.005482152,
        -2.646399342,
        -2.363334808,
        -3.031993812,
        -2.980133557,
        -3.434615863,
        -3.068703326,
        -2.008209053,
        -2.232976759,
        -2.028298228,
        -2.614786406,
        -2.381496701,
        -2.275744938,
        -2.414711231
    ],
    "S_x": [
        -2.291945165,
        -2.484559461,
        -2.480648229
    ],
    "R_x": [
        -1.022966615,
        -1.442370035,
        -1.71366068,
        -1.616053428,
        -1.965929833,
        -1.283386892,
        -1.606674681,
        -1.821733382,
        -1.162582442
    ],
    "M_y": [
        3.182985244,
        3.08557429,
        2.667458064,
        2.418925377,
        2.082495604,
        2.834716461,
        2.907592463,
        2.800782638,
        2.292437799,
        3.003492185,
        3.09249369,
        2.824225445,
        2.970621416,
        2.782249544,
        3.869534703,
        3.990000438
    ],
    "S_y": [
        1.381137758,
        1.341262215,
        1.594717953
    ],
    "R_y": [
        2.124894239,
        2.449981721,
        2.989371017,
        2.231715367,
        3.249138428,
        2.964161358,
        3.349707571,
        3.577825583,
        2.484501813
    ],
    "M_pval_x": [
        2.51e-19,
        4.1e-12,
        1.9e-19,
        7.26e-25,
        1.67e-10,
        1.19e-17,
        3.45e-32,
        1.14e-18,
        6.22e-24,
        2.17e-08,
        5.05e-12,
        1.56e-09,
        5.13e-18,
        2.06e-24,
        1.77e-12,
        4.7e-21
    ],
    "M_pval_y": [
        2.28e-25,
        6.84e-10,
        2.39e-17,
        8.240000000000001e-29,
        1.31e-07,
        6.15e-14,
        1.79e-12,
        3.57e-11,
        4.04e-14,
        3.53e-18,
        2.1e-21,
        6.49e-19,
        4.55e-25,
        7.48e-54,
        3.1700000000000003e-43,
        3.6900000000000002e-37
    ],
    "S_pval_x": [
        3.68e-18,
        1.64e-14,
        6.09e-28
    ],
    "S_pval_y": [
        3.7e-06,
        3.12e-07,
        4.94e-07
    ],
    "R_pval_x": [
        0.000206645,
        1.01e-05,
        1.22e-18,
        1.98e-05,
        1.04e-10,
        0.000110339,
        5.36e-09,
        8.21e-05,
        0.000397566
    ],
    "R_pval_y": [
        1.4e-19,
        3.11e-14,
        4.87e-72,
        5.84e-12,
        4.81e-24,
        3.85e-11,
        9.06e-14,
        1.26e-15,
        8.76e-17
    ],
    "COLORS": [
        "tomato",
        "darkorange",
        "olivedrab",
        "powderblue",
        "hotpink"
    ],
    "params": {
        "FC cond x": "TSB_versus_Glu_log2FoldChange",
        "FC cond y": "TSB_versus_Xyl_log2FoldChange",
        "padj cond x": "TSB_versus_Glu_padj",
        "padj cond y": "TSB_versus_Xyl_padj",
        "incl aver": true,
        "base_dir": "D:/GED_VIS_PROJECT/Dataset5_REDO",
        "filename": "preproc_data_red.CSV",
        "zscore": false,
        "Treatment1 name": "Glu",
        "Treatment2 name": "Xyl",
        "Control name": "TSB",
        "fig_size": 10,
        "save_dir": "D:/GED_VIS_PROJECT/Dataset5_REDO/Scorecard_restricted_FULL",
        "colors": [
            "tomato",
            "darkorange",
            "olivedrab",
            "powderblue",
            "hotpink"
        ],
        "other_colors": [
            "peru",
            "khaki",
            "lavender"
        ],
        "th_fold_change": 2,
        "th_significance": 0.001,
        "font_size_quadrants": 8,
        "font_size_examples": 16,
        "marker_trasp": [
            0.95,
            0.8,
            0.65,
            0.45
        ],
        "rect_trasp": [
            0.25,
            0.15,
            0.4
        ],
        "rect_colors": [
            "silver",
            "lightgrey",
            "darkgrey"
        ],
        "markers": [
            "o",
            "^",
            "s",
            "*",
            "X",
            "p",
            "."
        ],
        "markers_sizes": [
            14,
            12,
            10,
            8
        ],
        "is_example": false,
        "use_notation": true,
        "gene_name": "Name",
        "multiplication factor": 2,
        "CSV delimiter": ";",
        "Log Epsilon": 1e-10,
        "Scorecard title": "Gene expr. of S. mutans",
        "labels font size": 18,
        "Total entries": 1812,
        "Quadrant entries": 430
    }
}