{
    "A": [
        "Novel00071",
        "Novel00072",
        "SA_RS03110",
        "SA_RS03400",
        "SA_RS08310",
        "SA_RS08315",
        "SA_RS14740",
        "SA_RS09770",
        "Novel00428",
        "Novel00429",
        "SA_RS13430"
    ],
    "B": [
        "SA_RS09375",
        "SA_RS09705",
        "SA_RS09755",
        "SA_RS09760",
        "SA_RS09765",
        "SA_RS09835",
        "SA_RS12150",
        "SA_RS12750",
        "SA_RS12755"
    ],
    "C": [
        "SA_RS03775",
        "SA_RS03780",
        "SA_RS05670",
        "SA_RS10065",
        "SA_RS12660",
        "SA_RS12670",
        "SA_RS12675"
    ],
    "D": [],
    "E": [],
    "A_x": [
        7.824473785,
        6.546000461,
        8.785205213,
        4.301093713,
        5.360524958,
        6.493747937,
        5.142661127,
        4.605324517,
        4.911835572,
        5.416494896,
        9.500113908
    ],
    "B_x": [
        4.261809329,
        3.720455876,
        3.183227279,
        3.366164802,
        3.522259113,
        4.309632709,
        3.982778543,
        3.990218456,
        4.297150644
    ],
    "C_x": [
        2.49306595,
        2.823255613,
        2.219809434,
        2.635988749,
        2.23524248,
        2.874054399,
        2.270097385
    ],
    "D_x": [],
    "E_x": [],
    "A_y": [
        6.820655507,
        5.700700883,
        7.531558909,
        3.285530282,
        4.801510095,
        5.648001446,
        4.075106543,
        3.022711319,
        3.398817353,
        4.34027804,
        8.080887494
    ],
    "B_y": [
        2.629289417,
        2.74988282,
        2.517053504,
        2.52595595,
        2.234233669,
        2.292277182,
        2.629536815,
        2.012476032,
        2.297573402
    ],
    "C_y": [
        4.366532041,
        4.250640475,
        4.25556416,
        4.650693348,
        4.479802768,
        4.619140535,
        4.352028974
    ],
    "D_y": [],
    "E_y": [],
    "A_pval_x": [
        7.59e-51,
        3.16e-17,
        5.57e-117,
        1.1900000000000001e-26,
        8.43e-29,
        9.7e-56,
        5.12e-20,
        4.19e-16,
        4.77e-12,
        7.69e-08,
        3.6199999999999994e-89
    ],
    "A_pval_y": [
        7.49e-15,
        2.12e-07,
        2.7699999999999996e-23,
        1.31e-06,
        2.12e-07,
        8.27e-16,
        3.83e-06,
        0.001970881,
        0.00025473,
        0.001492355,
        2.97e-25
    ],
    "B_pval_x": [
        1.89e-16,
        7.23e-12,
        5.96e-23,
        1.96e-14,
        9.78e-15,
        1.9700000000000002e-26,
        1.22e-19,
        2.67e-10,
        4.01e-11
    ],
    "B_pval_y": [
        0.000849087,
        2.41e-05,
        5.5e-05,
        0.000819179,
        0.005189974,
        0.000409019,
        9.4e-06,
        0.030794184,
        0.014893859
    ],
    "C_pval_x": [
        1.94e-05,
        1.48e-11,
        0.001299063,
        0.000101343,
        0.00023564,
        9.21e-09,
        6.92e-06
    ],
    "C_pval_y": [
        2.58e-30,
        8.130000000000001e-32,
        2.57e-44,
        1.0000000000000001e-28,
        1.11e-25,
        1.56e-08,
        6.06e-14
    ],
    "D_pval_x": [],
    "D_pval_y": [],
    "E_pval_x": [],
    "E_pval_y": [],
    "COLORS": [
        "goldenrod",
        "limegreen",
        "dodgerblue",
        "sandybrown",
        "crimson"
    ],
    "params": {
        "FC cond x": "Lor_OxvsCmpd8_log2FoldChange",
        "FC cond y": "OxvsCmpd8_log2FoldChange",
        "padj cond x": "Lor_OxvsCmpd8_padj",
        "padj cond y": "OxvsCmpd8_padj",
        "incl aver": false,
        "base_dir": "D:/GED_VIS_PROJECT/Dataset3_REDO",
        "filename": "USA100_comp.CSV",
        "zscore": false,
        "Treatment1 name": "Lor_OxvsCmpd8",
        "Treatment2 name": "OxvsCmpd8",
        "Control name": "Un",
        "fig_size": 10,
        "save_dir": "D:/GED_VIS_PROJECT/Dataset3_REDO/Scorecard_STANDARD",
        "colors": [
            "goldenrod",
            "limegreen",
            "dodgerblue",
            "sandybrown",
            "crimson"
        ],
        "other_colors": [
            "darkcyan",
            "indigo",
            "orangered"
        ],
        "th_fold_change": 2,
        "th_significance": 0.05,
        "font_size_quadrants": 8,
        "font_size_examples": 16,
        "marker_trasp": [
            0.95,
            0.8,
            0.65,
            0.45
        ],
        "rect_trasp": [
            0.25,
            0.15,
            0.4
        ],
        "rect_colors": [
            "silver",
            "lightgrey",
            "darkgrey"
        ],
        "markers": [
            "o",
            "^",
            "s",
            "*",
            "X",
            "p",
            "."
        ],
        "markers_sizes": [
            14,
            12,
            10,
            8
        ],
        "is_example": false,
        "use_notation": false,
        "gene_name": "gene_id",
        "multiplication factor": 1.5,
        "CSV delimiter": ";",
        "Log Epsilon": 1e-10,
        "Scorecard title": "MRSA USA100 cultures",
        "labels font size": 18,
        "Total entries": 3169,
        "Quadrant entries": 945
    }
}