{
    "A": [
        "SA_RS08315",
        "SA_RS14740",
        "SA_RS09770",
        "Novel00428",
        "SA_RS13405",
        "SA_RS13430"
    ],
    "B": [
        "Novel00071",
        "SA_RS03400",
        "SA_RS08310",
        "SA_RS09375",
        "SA_RS09705",
        "SA_RS09760",
        "SA_RS09765",
        "SA_RS09835",
        "SA_RS12150",
        "Novel00429",
        "SA_RS12750",
        "SA_RS12755"
    ],
    "C": [],
    "D": [
        "SA_RS01210",
        "Novel00070",
        "SA_RS09755"
    ],
    "E": [],
    "A_x": [
        6.493747937,
        5.142661127,
        4.605324517,
        4.911835572,
        5.348571986,
        9.500113908
    ],
    "B_x": [
        7.824473785,
        4.301093713,
        5.360524958,
        4.261809329,
        3.720455876,
        3.366164802,
        3.522259113,
        4.309632709,
        3.982778543,
        5.416494896,
        3.990218456,
        4.297150644
    ],
    "C_x": [],
    "D_x": [
        4.115523656,
        3.174128498,
        3.183227279
    ],
    "E_x": [],
    "A_y": [
        3.453566574,
        3.267257387,
        3.321429526,
        3.004825493,
        5.215005012,
        4.435266017
    ],
    "B_y": [
        2.49634741,
        2.859320722,
        2.968368983,
        2.12241967,
        2.870913748,
        2.005055461,
        2.386096001,
        2.946873821,
        2.362408679,
        2.990861212,
        2.806773655,
        2.741846187
    ],
    "C_y": [],
    "D_y": [
        1.68953889,
        1.75407923,
        1.677215496
    ],
    "E_y": [],
    "A_pval_x": [
        9.7e-56,
        5.12e-20,
        4.19e-16,
        4.77e-12,
        2.95e-33,
        3.6199999999999994e-89
    ],
    "A_pval_y": [
        3.47e-09,
        0.003470453,
        1.85e-07,
        0.001390402,
        7.92e-41,
        6.45e-15
    ],
    "B_pval_x": [
        7.59e-51,
        1.1900000000000001e-26,
        8.43e-29,
        1.89e-16,
        7.23e-12,
        1.96e-14,
        9.78e-15,
        1.9700000000000002e-26,
        1.22e-19,
        7.69e-08,
        2.67e-10,
        4.01e-11
    ],
    "B_pval_y": [
        0.00056352,
        1.73e-07,
        1.65e-06,
        0.010005723,
        1.46e-06,
        0.000844054,
        1.03e-05,
        3.47e-09,
        0.00056352,
        4.83e-05,
        0.000440464,
        0.001479112
    ],
    "C_pval_x": [],
    "C_pval_y": [],
    "D_pval_x": [
        3.8e-16,
        0.01257683,
        5.96e-23
    ],
    "D_pval_y": [
        0.017616828,
        0.03728881,
        0.002750451
    ],
    "E_pval_x": [],
    "E_pval_y": [],
    "COLORS": [
        "goldenrod",
        "limegreen",
        "dodgerblue",
        "sandybrown",
        "crimson"
    ],
    "params": {
        "FC cond x": "Lor_OxvsCmpd8_log2FoldChange",
        "FC cond y": "Lor_OxvsCmpd8_Ox_log2FoldChange",
        "padj cond x": "Lor_OxvsCmpd8_padj",
        "padj cond y": "Lor_OxvsCmpd8_Ox_padj",
        "incl aver": false,
        "base_dir": "D:/GED_VIS_PROJECT/Dataset3_REDO",
        "filename": "USA100_comp.CSV",
        "zscore": false,
        "Treatment1 name": "Lor_OxvsCmpd8",
        "Treatment2 name": "Lor_OxvsCmpd8_Ox",
        "Control name": "Un",
        "fig_size": 10,
        "save_dir": "D:/GED_VIS_PROJECT/Dataset3_REDO/Scorecard_STANDARD",
        "colors": [
            "goldenrod",
            "limegreen",
            "dodgerblue",
            "sandybrown",
            "crimson"
        ],
        "other_colors": [
            "darkcyan",
            "indigo",
            "orangered"
        ],
        "th_fold_change": 2,
        "th_significance": 0.05,
        "font_size_quadrants": 8,
        "font_size_examples": 16,
        "marker_trasp": [
            0.95,
            0.8,
            0.65,
            0.45
        ],
        "rect_trasp": [
            0.25,
            0.15,
            0.4
        ],
        "rect_colors": [
            "silver",
            "lightgrey",
            "darkgrey"
        ],
        "markers": [
            "o",
            "^",
            "s",
            "*",
            "X",
            "p",
            "."
        ],
        "markers_sizes": [
            14,
            12,
            10,
            8
        ],
        "is_example": false,
        "use_notation": false,
        "gene_name": "gene_id",
        "multiplication factor": 1.5,
        "CSV delimiter": ";",
        "Log Epsilon": 1e-10,
        "Scorecard title": "MRSA USA100 cultures",
        "labels font size": 18,
        "Total entries": 3175,
        "Quadrant entries": 1294
    }
}