{
    "A": [
        "SAUSA300_RS03525",
        "SAUSA300_RS04560",
        "SAUSA300_RS10185",
        "SAUSA300_RS10190"
    ],
    "B": [],
    "C": [],
    "D": [],
    "E": [],
    "A_x": [
        3.27,
        3.05,
        3.67,
        3.47
    ],
    "B_x": [],
    "C_x": [],
    "D_x": [],
    "E_x": [],
    "A_y": [
        3.37,
        3.25,
        3.19,
        4.08
    ],
    "B_y": [],
    "C_y": [],
    "D_y": [],
    "E_y": [],
    "A_pval_x": [
        0.0,
        0.00501,
        0.00501,
        0.0
    ],
    "A_pval_y": [
        0.0,
        0.01262,
        0.00395,
        0.0
    ],
    "B_pval_x": [],
    "B_pval_y": [],
    "C_pval_x": [],
    "C_pval_y": [],
    "D_pval_x": [],
    "D_pval_y": [],
    "E_pval_x": [],
    "E_pval_y": [],
    "M": [
        "SAUSA300_RS00115",
        "SAUSA300_RS05635",
        "SAUSA300_RS05930",
        "SAUSA300_RS07100",
        "SAUSA300_RS08475"
    ],
    "S": [
        "SAUSA300_RS04795",
        "SAUSA300_RS06740",
        "SAUSA300_RS11210",
        "SAUSA300_RS12775"
    ],
    "R": [
        "SAUSA300_RS11705",
        "SAUSA300_RS11740"
    ],
    "M_x": [
        2.06,
        2.36,
        2.51,
        2.53,
        2.91
    ],
    "S_x": [
        2.07,
        2.16,
        2.13,
        2.05
    ],
    "R_x": [
        1.47,
        1.76
    ],
    "M_y": [
        2.01,
        2.19,
        2.72,
        2.39,
        2.65
    ],
    "S_y": [
        1.72,
        1.63,
        1.94,
        1.82
    ],
    "R_y": [
        2.14,
        2.21
    ],
    "M_pval_x": [
        0.0,
        0.03509,
        0.03198,
        0.02095,
        0.0
    ],
    "M_pval_y": [
        0.0,
        0.04638,
        0.0,
        0.0,
        0.00693
    ],
    "S_pval_x": [
        0.0,
        0.0,
        0.0,
        0.0
    ],
    "S_pval_y": [
        0.0,
        0.00395,
        0.04223,
        0.0
    ],
    "R_pval_x": [
        0.0,
        0.04108
    ],
    "R_pval_y": [
        0.0,
        0.0
    ],
    "COLORS": [
        "green",
        "teal",
        "blue",
        "red",
        "magenta"
    ],
    "params": {
        "FC cond x": "48hr DEL vs 48 hr NO ABX log2FC",
        "FC cond y": "48hr LZD vs 48 hr NO ABX log2FC",
        "padj cond x": "48hr DEL vs 48 hr NO ABX Adj. p-value",
        "padj cond y": "48hr LZD vs 48 hr NO ABX Adj. p-value",
        "incl aver": true,
        "base_dir": "D:/GED_VIS_PROJECT/Dataset1_REDO",
        "filename": "Cartel1.CSV",
        "zscore": false,
        "Treatment1 name": "DEL",
        "Treatment2 name": "LZD",
        "Control name": "NO ABX",
        "fig_size": 10,
        "save_dir": "D:/GED_VIS_PROJECT/Dataset1_REDO/Scorecard_AVE",
        "colors": [
            "green",
            "teal",
            "blue",
            "red",
            "magenta"
        ],
        "other_colors": [
            "orange",
            "gold",
            "plum",
            "lightgrey"
        ],
        "th_fold_change": 2,
        "th_significance": 0.05,
        "font_size_quadrants": 8,
        "font_size_examples": 16,
        "marker_trasp": [
            0.95,
            0.8,
            0.65,
            0.45
        ],
        "rect_trasp": [
            0.25,
            0.15,
            0.4
        ],
        "rect_colors": [
            "silver",
            "lightgrey",
            "darkgrey"
        ],
        "markers": [
            "o",
            "^",
            "s",
            "*",
            "X",
            "p",
            "."
        ],
        "markers_sizes": [
            14,
            12,
            10,
            8
        ],
        "is_example": false,
        "use_notation": true,
        "gene_name": "Orf",
        "multiplication factor": 1.5,
        "CSV delimiter": ";",
        "Log Epsilon": 1e-10,
        "Scorecard title": "After 48hr",
        "labels font size": 18,
        "Total entries": 2457,
        "Quadrant entries": 817
    }
}