{
    "A": [
        "SMU_1597c",
        "SMU_310",
        "SMU_494",
        "SMU_574c",
        "SMU_575c",
        "SMU_609",
        "SMU_941c",
        "arcC",
        "celR",
        "folD",
        "lacA",
        "lacB",
        "lacC",
        "lacD",
        "lacE",
        "lacF",
        "lacG",
        "lacX",
        "pdhC",
        "ptcA",
        "ptcB",
        "ptcC",
        "pttB",
        "treA"
    ],
    "B": [
        "aguA",
        "SMU_313",
        "bgl",
        "lytR",
        "otcA",
        "pdhB",
        "pfl2"
    ],
    "C": [
        "SMU_1488c",
        "SMU_314",
        "SMU_507",
        "SMU_508",
        "SMU_940c",
        "lytS"
    ],
    "D": [],
    "E": [],
    "A_x": [
        6.53085439616967,
        4.22162637259265,
        4.18214667370844,
        6.24235118868645,
        6.51317893017981,
        5.50567386860135,
        4.15895884829781,
        5.09981372323819,
        6.04980132721439,
        4.33995527210804,
        5.98467322075936,
        6.08559154073739,
        5.59054361501078,
        6.34213371501964,
        4.24679497141829,
        4.22782767670489,
        4.12760774381059,
        4.00027390357714,
        4.60852258051787,
        6.14931925970487,
        6.53385851357477,
        6.26633306173086,
        5.25388676290492,
        5.34678194134745
    ],
    "B_x": [
        4.33790974461782,
        4.04467792703709,
        4.31227362982823,
        4.01463945018614,
        4.19416704630844,
        4.03097910325582,
        4.3644579425386
    ],
    "C_x": [
        3.90650249412485,
        3.98229216213557,
        3.91746876296438,
        3.81966367571947,
        3.95310816940362,
        3.8703220043611
    ],
    "D_x": [],
    "E_x": [],
    "A_y": [
        -6.615574931,
        -4.072084034,
        -4.060962738,
        -7.392104256,
        -7.403491107,
        -5.071421057,
        -4.312114574,
        -5.034901595,
        -6.903327188,
        -4.462971836,
        -6.266822949,
        -7.024897363,
        -6.35987643,
        -6.950899174,
        -4.501686085,
        -4.534875698,
        -4.588861603,
        -4.264717746,
        -4.08466107,
        -6.879002964,
        -6.4703375,
        -7.035707439,
        -5.023813509,
        -4.938609053
    ],
    "B_y": [
        -3.574749867,
        -3.949594753,
        -3.880511712,
        -3.752970086,
        -3.986874747,
        -3.185432917,
        -3.744665251
    ],
    "C_y": [
        -5.291544273,
        -4.002518734,
        -4.972855141,
        -4.722019301,
        -4.011617679,
        -4.040929115
    ],
    "D_y": [],
    "E_y": [],
    "A_pval_x": [
        3.2056901900072796e-30,
        4.57576959984672e-34,
        6.643661659751751e-25,
        8.97684836436753e-09,
        2.1539801904983902e-09,
        1.10242942139746e-32,
        3.14137117219553e-44,
        5.5268394662352e-22,
        2.03858431644767e-23,
        1.1833802566351099e-48,
        1.1595245118301101e-20,
        4.4489234755991496e-26,
        3.68482639199489e-16,
        1.91953097486656e-40,
        7.91696245381756e-25,
        1.0197307377470001e-19,
        8.56018154926436e-18,
        2.57784879084193e-15,
        2.1640151054496896e-30,
        1.37987793430138e-08,
        3.16022275256516e-104,
        3.2791887204305204e-09,
        2.61087360500866e-33,
        6.22956857520928e-32
    ],
    "A_pval_y": [
        6.71e-09,
        6.230000000000001e-32,
        3.8600000000000003e-22,
        1.11e-43,
        2.66e-12,
        2.15e-186,
        1.94e-61,
        2.7e-28,
        5.2099999999999995e-93,
        4.86e-68,
        1.49e-38,
        1.9e-47,
        9.51e-49,
        1.12e-50,
        1.72e-33,
        6.46e-23,
        3.26e-31,
        1.33e-18,
        1.52e-47,
        4.3e-92,
        9.68e-56,
        2.44e-44,
        5.66e-101,
        9.31e-80
    ],
    "B_pval_x": [
        2.44569869167966e-41,
        1.1818905037618499e-48,
        1.1109881325637799e-48,
        3.1698012113386e-36,
        4.41244615150659e-32,
        1.3374048262659e-28,
        2.93425739282621e-48
    ],
    "B_pval_y": [
        2.24e-31,
        5.87e-38,
        3.72e-62,
        2.2699999999999997e-46,
        5e-30,
        1.13e-35,
        7.04e-54
    ],
    "C_pval_x": [
        7.26592477433574e-08,
        1.24971105296338e-27,
        4.06432765860476e-59,
        3.2540467247020903e-46,
        4.16531345341866e-31,
        1.1109881325637799e-48
    ],
    "C_pval_y": [
        1.43e-07,
        1.97e-36,
        1.33e-71,
        9.330000000000001e-58,
        1.84e-28,
        1.6099999999999998e-69
    ],
    "D_pval_x": [],
    "D_pval_y": [],
    "E_pval_x": [],
    "E_pval_y": [],
    "M": [
        "SMU_1104c",
        "SMU_1116c",
        "SMU_124",
        "SMU_125",
        "SMU_166",
        "SMU_167",
        "SMU_168",
        "SMU_1704",
        "SMU_1705",
        "SMU_1706",
        "SMU_172",
        "SMU_173",
        "SMU_180",
        "SMU_2127",
        "SMU_308",
        "SMU_309",
        "SMU_311",
        "SMU_312",
        "SMU_491",
        "SMU_503c",
        "SMU_527",
        "SMU_528c",
        "nnrD",
        "SMU_631",
        "SMU_704c",
        "SMU_706c",
        "SMU_709",
        "SMU_711",
        "SMU_88c",
        "SMU_89c",
        "SMU_984",
        "adhA",
        "adhC",
        "ascB",
        "bglA",
        "bglB2",
        "bglP",
        "galK",
        "galR",
        "galT",
        "gldA",
        "glgA",
        "glgC",
        "glgD",
        "lacD2",
        "lplA",
        "murF",
        "oppA",
        "pdhA",
        "pfl",
        "phsG",
        "sgaT"
    ],
    "S": [
        "SMU_1105c",
        "SMU_1879",
        "aguD",
        "adhB",
        "bglB1",
        "clpB",
        "dacA",
        "galE",
        "gbpC",
        "mtlA2",
        "mtlD",
        "naoX",
        "pdhD",
        "ptnA"
    ],
    "R": [
        "SMU_112c",
        "fruD",
        "SMU_1546",
        "SMU_1752c",
        "SMU_1976c",
        "SMU_1977c",
        "folT",
        "nrdD"
    ],
    "M_x": [
        2.1016850809439,
        2.33857647518337,
        2.09451133547593,
        2.65749798263292,
        2.87443811006421,
        3.5638281538369,
        3.45482443405436,
        3.62383825047222,
        3.11284513780199,
        2.82639657083568,
        2.60135172153666,
        2.72000963355696,
        2.63384270594975,
        3.08168410524107,
        3.84086536167979,
        3.96731121852952,
        3.83056004336287,
        3.87868244759654,
        2.52759237925493,
        3.15652184702384,
        2.75285220766105,
        2.38557021305817,
        2.12605410693419,
        2.86363997034483,
        3.11140713839069,
        3.33277468797124,
        2.65710342392144,
        2.67487147909905,
        2.22037927511099,
        2.14691225410952,
        2.02430154449346,
        2.1936488741799,
        2.02864463363016,
        2.7738780030858,
        2.08792074594722,
        3.13312662636807,
        3.37005555083408,
        3.76001171286658,
        3.41519138680339,
        2.64822389230395,
        3.87216289080871,
        3.82954753735759,
        3.24338899297158,
        3.74354597617797,
        2.36207252806723,
        2.04519150975181,
        2.16382229218968,
        2.57770317627234,
        3.39741304923738,
        2.68916137723623,
        3.71989123704254,
        2.57001116229347
    ],