{
    "A": [
        "SMU_18"
    ],
    "B": [],
    "C": [
        "SMU_1905c",
        "SMU_1906c"
    ],
    "D": [],
    "E": [],
    "A_x": [
        -5.97289591661273
    ],
    "B_x": [],
    "C_x": [
        -3.20541384186951,
        -2.38474049763064
    ],
    "D_x": [],
    "E_x": [],
    "A_y": [
        6.586025224
    ],
    "B_y": [],
    "C_y": [
        4.703891361,
        4.626833982
    ],
    "D_y": [],
    "E_y": [],
    "A_pval_x": [
        0.0009507151354847
    ],
    "A_pval_y": [
        6.19e-11
    ],
    "B_pval_x": [],
    "B_pval_y": [],
    "C_pval_x": [
        7.1083737686471705e-25,
        2.0327275227346197e-11
    ],
    "C_pval_y": [
        6.25e-78,
        4.29e-63
    ],
    "D_pval_x": [],
    "D_pval_y": [],
    "E_pval_x": [],
    "E_pval_y": [],
    "M": [
        "SMU_1006",
        "SMU_1098c",
        "SMU_150",
        "SMU_189",
        "SMU_1904c",
        "SMU_1907",
        "SMU_423",
        "SMU_807",
        "SMU_87",
        "SMU_913"
    ],
    "S": [
        "SMU_1007",
        "SMU_1511c",
        "SMU_513",
        "SMU_626",
        "SMU_836",
        "SMU_86",
        "SMU_954",
        "opuBa",
        "thiD",
        "trpE"
    ],
    "R": [
        "SMU_1097c",
        "SMU_1908c",
        "SMU_1909c",
        "SMU_367",
        "SMU_49",
        "SMU_516",
        "SMU_613",
        "SMU_833",
        "atpA",
        "atpD",
        "citZ",
        "idh",
        "nrgA",
        "purD"
    ],
    "M_x": [
        -2.03054060080068,
        -2.35062372397855,
        -2.05111730991605,
        -2.37259704922443,
        -2.06910107685934,
        -2.04302587040818,
        -2.64488286202704,
        -2.23620068154971,
        -2.16968061551184,
        -2.17331280861716
    ],
    "S_x": [
        -2.15868154163263,
        -2.00745691929431,
        -2.04129773640056,
        -2.04741689886678,
        -2.28877002973297,
        -2.29872782273243,
        -2.03392394879318,
        -2.10283485140219,
        -2.03464224250715,
        -2.37363750350804
    ],
    "R_x": [
        -1.9222800887272,
        -1.66104545387048,
        -1.63546334902213,
        -1.90377613845686,
        -1.61240261330162,
        -1.03568164601332,
        -1.80039303299902,
        -1.77914344945611,
        -1.66930684013487,
        -1.32164077864366,
        -1.48424134714167,
        -1.48418874838425,
        -1.87571796758739,
        -1.90399841486917
    ],
    "M_y": [
        2.193419616,
        2.011143553,
        3.275592578,
        3.520632912,
        3.013501471,
        3.454921425,
        3.622637593,
        3.112998297,
        2.298028601,
        2.058923014
    ],
    "S_y": [
        1.607426089,
        1.630062944,
        1.269154241,
        1.58235506,
        1.779728841,
        1.993502295,
        1.437860685,
        1.953567866,
        1.827024529,
        1.598980075
    ],
    "R_y": [
        2.015807451,
        2.602874112,
        3.404639961,
        2.567306908,
        2.039662023,
        2.077258452,
        2.212649564,
        2.019586547,
        2.06533542,
        2.067451259,
        2.215297511,
        2.376124313,
        2.063175831,
        2.180066641
    ],
    "M_pval_x": [
        6.229171506038321e-09,
        1.0762373297545901e-15,
        9.89548521402317e-13,
        0.0001924177960636,
        7.0269337143223e-13,
        4.91770675803468e-07,
        3.41623093108679e-32,
        1.6814771806659901e-31,
        3.85612264255093e-14,
        3.92584070875694e-11
    ],
    "M_pval_y": [
        1.03e-14,
        7.59e-13,
        3.1499999999999997e-34,
        2.78e-28,
        1.14e-20,
        7.71e-21,
        1.3799999999999999e-76,
        1.1200000000000001e-32,
        4.48e-16,
        1.27e-10
    ],
    "S_pval_x": [
        2.14152474682795e-16,
        6.512647063673051e-14,
        5.83781859563552e-07,
        4.92744981544922e-07,
        3.942239499921261e-15,
        1.95653042424079e-23,
        1.17592232249543e-13,
        1.42638729062356e-21,
        4.18844396975271e-15,
        9.39004116474156e-14
    ],
    "S_pval_y": [
        6.589999999999999e-24,
        1.34e-13,
        0.000957189,
        0.000157695,
        2.34e-10,
        1.58e-18,
        1.17e-07,
        1.74e-19,
        4.11e-13,
        1.58e-10
    ],
    "R_pval_x": [
        3.17568281185943e-12,
        0.0002870881224282,
        1.53979617257703e-07,
        2.1539801904983902e-09,
        9.60929596811093e-15,
        5.14425755858431e-07,
        7.53648096589626e-08,
        2.54017586013227e-07,
        2.74713312231852e-08,
        1.2166391269466e-08,
        8.594726624288591e-14,
        0.0001852740843176,
        8.499275642518671e-14,
        1.08805144568421e-10
    ],
    "R_pval_y": [
        5.93e-17,
        2.29e-11,
        1.8899999999999998e-34,
        8.15e-17,
        4.28e-13,
        1.81e-10,
        1.67e-14,
        5.84e-12,
        7.09e-13,
        1.64e-24,
        1.13e-18,
        8.01e-07,
        1.45e-17,
        3.21e-12
    ],
    "COLORS": [
        "tomato",
        "darkorange",
        "olivedrab",
        "powderblue",
        "hotpink"
    ],
    "params": {
        "FC cond x": "TSB_versus_Lac_log2FoldChange",
        "FC cond y": "TSB_versus_Suc_log2FoldChange",
        "padj cond x": "TSB_versus_Lac_padj",
        "padj cond y": "TSB_versus_Suc_padj",
        "incl aver": true,
        "base_dir": "D:/GED_VIS_PROJECT/Dataset5_REDO",
        "filename": "preproc_data_red.CSV",
        "zscore": false,
        "Treatment1 name": "Lac",
        "Treatment2 name": "Suc",
        "Control name": "TSB",
        "fig_size": 10,
        "save_dir": "D:/GED_VIS_PROJECT/Dataset5_REDO/Scorecard_restricted_FULL",
        "colors": [
            "tomato",
            "darkorange",
            "olivedrab",
            "powderblue",
            "hotpink"
        ],
        "other_colors": [
            "peru",
            "khaki",
            "lavender"
        ],
        "th_fold_change": 2,
        "th_significance": 0.001,
        "font_size_quadrants": 8,
        "font_size_examples": 16,
        "marker_trasp": [
            0.95,
            0.8,
            0.65,
            0.45
        ],
        "rect_trasp": [
            0.25,
            0.15,
            0.4
        ],
        "rect_colors": [
            "silver",
            "lightgrey",
            "darkgrey"
        ],
        "markers": [
            "o",
            "^",
            "s",
            "*",
            "X",
            "p",
            "."
        ],
        "markers_sizes": [
            14,
            12,
            10,
            8
        ],
        "is_example": false,
        "use_notation": true,
        "gene_name": "Name",
        "multiplication factor": 2,
        "CSV delimiter": ";",
        "Log Epsilon": 1e-10,
        "Scorecard title": "Gene expr. of S. mutans",
        "labels font size": 18,
        "Total entries": 1850,
        "Quadrant entries": 790
    }
}