{
    "A": [
        "EF.peg.402",
        "EF.peg.992",
        "EF.peg.2172",
        "EF.peg.2213",
        "EF.peg.2211",
        "EF.peg.2368",
        "EF.peg.1828",
        "EF.peg.2173",
        "EF.peg.2215",
        "EF.peg.2212",
        "EF.peg.1894",
        "EF.peg.1893",
        "EF.peg.2180",
        "EF.peg.1171",
        "EF.peg.124",
        "EF.peg.741",
        "EF.peg.1901",
        "EF.peg.2214",
        "EF.peg.2176",
        "EF.peg.2367",
        "EF.peg.2174"
    ],
    "B": [
        "EF.peg.1895",
        "EF.peg.1982",
        "EF.peg.809",
        "EF.peg.1970",
        "EF.peg.377",
        "EF.peg.1892"
    ],
    "C": [
        "EF.peg.951",
        "EF.peg.382",
        "EF.peg.2210",
        "EF.peg.2208",
        "EF.peg.949",
        "EF.peg.2175",
        "EF.peg.383",
        "EF.peg.2216",
        "EF.peg.2209"
    ],
    "D": [],
    "E": [],
    "A_x": [
        7.07247079586995,
        8.28782916633502,
        5.9667311729972,
        5.76234053562212,
        8.33960393805231,
        7.53420218133286,
        4.63220299551174,
        5.72209407439753,
        5.29937261458049,
        6.01033284970366,
        8.81860510477477,
        7.5769183267985,
        6.1814355706011,
        4.83754243016939,
        4.62294101050889,
        4.62333486436954,
        5.17585411896501,
        4.34307952069249,
        5.2434334325432,
        7.05347467385705,
        4.38960560348869
    ],
    "B_x": [
        7.64165392390978,
        4.14220150150452,
        6.4638389188702,
        4.99650717564901,
        4.77509324779715,
        6.13065506678981
    ],
    "C_x": [
        3.03408085176327,
        3.6892035436375,
        3.96927774154294,
        3.24787464105215,
        3.70845698825625,
        3.60293983378992,
        3.59636632011138,
        3.46526523740784,
        3.57027228701955
    ],
    "D_x": [],
    "E_x": [],
    "A_y": [
        6.63437342859416,
        9.2947680261014,
        5.60026957374836,
        6.96197664086115,
        7.54234443077273,
        4.02751044392441,
        4.58257975278318,
        5.74707695867697,
        7.31708693855017,
        7.55005596804208,
        5.7191326233279,
        5.43499564396567,
        4.66851792150655,
        4.82442453759409,
        5.72496331657392,
        4.84046081221988,
        4.55515632797317,
        6.2061277625601,
        5.29772514293646,
        4.43295677768531,
        5.30742702276712
    ],
    "B_y": [
        3.59679447392477,
        3.29544260721119,
        3.54595971667566,
        2.82152143048374,
        3.13995708590926,
        3.97580948638191
    ],
    "C_y": [
        5.35683954471593,
        8.81924366291551,
        5.21255600561688,
        5.12031960234707,
        5.82353300921075,
        4.38848271264983,
        7.31333099037648,
        5.3567843669376,
        4.35911010347304
    ],
    "D_y": [],
    "E_y": [],
    "A_pval_x": [
        2.76774679910786e-14,
        2.0622580865094e-08,
        6.50341601659145e-14,
        5.31342798763873e-10,
        5.6278575722441096e-18,
        3.16232496681541e-21,
        7.31321709656316e-06,
        6.00801659082961e-12,
        9.43742405080352e-08,
        1.15772737786185e-08,
        3.37165373548691e-24,
        2.76499587973168e-20,
        1.88223925709736e-16,
        4.20763698462203e-08,
        5.31342798763873e-10,
        7.33403879964816e-05,
        1.27820742541548e-11,
        1.68470476714832e-06,
        4.5731388838682e-09,
        2.14618311877996e-19,
        4.15519826225289e-08
    ],
    "A_pval_y": [
        1.95240994112561e-12,
        3.5359447450790595e-11,
        2.32894815104816e-12,
        1.74597001531036e-14,
        1.81814431285445e-14,
        5.48909378997862e-07,
        1.27939488431453e-05,
        5.705335690318229e-12,
        9.38119522711452e-15,
        2.74260414428955e-14,
        6.48066158954645e-11,
        3.53582642351195e-11,
        6.8705874769247e-10,
        7.00358205073847e-08,
        1.79278694561835e-14,
        3.60270224434483e-05,
        3.86295443285162e-09,
        4.11260172851315e-13,
        4.1456192350385e-09,
        2.91193443036384e-08,
        1.89616625117847e-11
    ],
    "B_pval_x": [
        3.21917224161107e-12,
        3.07991628884783e-09,
        1.9289143442839e-13,
        1.35737511008138e-11,
        2.4201602950808902e-09,
        2.4671209597749702e-14
    ],
    "B_pval_y": [
        0.0008868826475209,
        5.32104403822329e-06,
        0.0002365352689617,
        0.0003587976656203,
        0.0001336186150546,
        2.34317971617791e-06
    ],
    "C_pval_x": [
        0.0007136365227397,
        6.63846416533035e-05,
        1.29337634943763e-06,
        0.0009396010846223,
        5.20737618237047e-05,
        2.23111015112506e-05,
        1.32469396613301e-05,
        0.0001107326384121,
        0.0001107326384121
    ],
    "C_pval_y": [
        5.37673722618196e-10,
        4.98347413190168e-24,
        5.3478395142078594e-11,
        3.3089711433587703e-09,
        3.17495520167991e-12,
        8.97659108163099e-08,
        5.77371733602478e-19,
        5.960525018230179e-11,
        8.21888887098338e-07
    ],
    "D_pval_x": [],
    "D_pval_y": [],
    "E_pval_x": [],
    "E_pval_y": [],
    "M": [
        "EF.peg.1452",
        "EF.peg.2759",
        "EF.peg.1863",
        "EF.peg.991",
        "EF.peg.1983",
        "EF.peg.424",
        "EF.peg.694",
        "EF.peg.1981",
        "EF.peg.2668",
        "EF.peg.384",
        "EF.peg.285",
        "EF.peg.29",
        "EF.peg.1667",
        "EF.peg.1980",
        "EF.peg.1454",
        "EF.peg.1908",
        "EF.peg.1449",
        "EF.peg.802"
    ],
    "S": [],
    "R": [],
    "M_x": [
        2.84782758829083,
        2.87790601340696,
        3.5701915160803,
        3.55511786164275,
        3.84638127760786,
        2.75864064810604,
        2.75492822590878,
        3.22527282562579,
        2.74758997600653,
        2.77213175989413,
        3.33354931422339,
        3.81341750298599,
        2.74345062446611,
        3.53414836234449,
        3.16096140549296,
        3.46666885329229,
        2.78399255582128,
        2.86639338942315
    ],
    "S_x": [],
    "R_x": [],
    "M_y": [
        2.94064169879786,
        2.98443229230877,
        2.92552876700418,
        3.90986732285349,
        3.10159154030706,
        2.88655848291309,
        2.78125826099988,
        3.35342981095117,
        3.01451561235471,
        3.67582922514965,
        2.6415517181971,
        2.76788894566151,
        2.57620722782934,
        3.10137125836136,
        2.88941149944721,
        3.45062570159609,
        2.67536727764437,
        2.95051826412874
    ],
    "S_y": [],
    "R_y": [],
    "M_pval_x": [
        0.0003964260063744,
        0.0004299345776001,
        8.00646986827413e-06,
        3.66847099865798e-05,
        8.43802128367413e-08,
        0.0002726339117361,
        0.0005871935114199,
        5.53308645750239e-06,
        0.0003949929625253,
        0.0004090316751439,
        1.87010597443438e-06,
        3.36301243951447e-07,
        0.0001799497582105,
        4.46501337990442e-07,
        8.49213211103773e-05,
        0.0001948185544157,
        0.0003522420896682,
        0.0008504334601276
    ],