{
    "A": [
        "EF.peg.2384",
        "EF.peg.481",
        "EF.peg.2546",
        "EF.peg.841",
        "EF.peg.875",
        "EF.peg.1851",
        "EF.peg.1550",
        "EF.peg.2521",
        "EF.peg.2531",
        "EF.peg.126",
        "EF.peg.1877",
        "EF.peg.1704",
        "EF.peg.635",
        "EF.peg.1799",
        "EF.peg.995"
    ],
    "B": [
        "EF.peg.2156",
        "EF.peg.634"
    ],
    "C": [],
    "D": [],
    "E": [],
    "A_x": [
        -9.76637319596665,
        -9.44154502300853,
        -4.74888258734612,
        -4.37476580241113,
        -8.06936115101169,
        -7.96265372374052,
        -10.8386655250757,
        -9.35086428221858,
        -10.186348827755,
        -10.1763114004432,
        -4.43706246480142,
        -6.15177427921196,
        -6.59762508231055,
        -8.51350665898312,
        -4.87184056894252
    ],
    "B_x": [
        -4.1757946552163,
        -6.38538002592844
    ],
    "C_x": [],
    "D_x": [],
    "E_x": [],
    "A_y": [
        -9.76637319596665,
        -4.9975074372535,
        -5.17171141818031,
        -4.79579929328582,
        -8.06936115101169,
        -7.96265372374052,
        -10.8386655250757,
        -9.35086428221858,
        -10.186348827755,
        -10.1763114004432,
        -4.85774122443726,
        -4.58486503369324,
        -4.68213436807898,
        -8.51350665898312,
        -5.29430965611478
    ],
    "B_y": [
        -3.4822745153015,
        -3.82826059634004
    ],
    "C_y": [],
    "D_y": [],
    "E_y": [],
    "A_pval_x": [
        8.34071666477688e-09,
        2.45588310651042e-07,
        7.31321709656316e-06,
        0.0003522420896682,
        3.50738939668318e-05,
        6.40986240049439e-05,
        3.15887901895228e-10,
        7.45187255421508e-07,
        4.68773094199344e-10,
        2.33198447782789e-10,
        0.0003949929625253,
        2.04640313733049e-08,
        5.23915741718697e-08,
        2.13257923361796e-05,
        2.22080786858708e-06
    ],
    "A_pval_y": [
        4.74804915664597e-08,
        0.0001031852694245,
        5.5728406388424e-06,
        0.0003288974964179,
        0.00013767441226,
        0.0002466515257332,
        1.6119238827907e-09,
        2.96136684265374e-06,
        3.12095787794535e-09,
        1.6119238827907e-09,
        0.0003591539072672,
        4.68071689444516e-06,
        1.83920587890298e-05,
        7.46930078625633e-05,
        1.86120250469941e-06
    ],
    "B_pval_x": [
        2.60071775323634e-05,
        1.31620168317874e-08
    ],
    "B_pval_y": [
        0.0004343664751342,
        0.0002365352689617
    ],
    "C_pval_x": [],
    "C_pval_y": [],
    "D_pval_x": [],
    "D_pval_y": [],
    "E_pval_x": [],
    "E_pval_y": [],
    "M": [
        "EF.peg.2249"
    ],
    "S": [],
    "R": [],
    "M_x": [
        -2.82311789360075
    ],
    "S_x": [],
    "R_x": [],
    "M_y": [
        -3.18538341711225
    ],
    "S_y": [],
    "R_y": [],
    "M_pval_x": [
        0.0008891526714375
    ],
    "M_pval_y": [
        0.0003193505561742
    ],
    "S_pval_x": [],
    "S_pval_y": [],
    "R_pval_x": [],
    "R_pval_y": [],
    "COLORS": [
        "indigo",
        "darkorange",
        "chocolate",
        "lightcoral",
        "forestgreen"
    ],
    "params": {
        "FC cond x": "V2A_t90_logFC",
        "FC cond y": "V2A_t12_logFC",
        "padj cond x": "V2A_t90_padj",
        "padj cond y": "V2A_t12_padj",
        "incl aver": true,
        "base_dir": "D:/GED_VIS_PROJECT/Dataset7_REDO",
        "filename": "out.csv",
        "zscore": false,
        "Treatment1 name": "V2A_t90",
        "Treatment2 name": "V2A_t12",
        "Control name": "Ctrl",
        "fig_size": 10,
        "save_dir": "D:/GED_VIS_PROJECT/Dataset7_REDO/Scorecard_FULL_time_comp",
        "colors": [
            "indigo",
            "darkorange",
            "chocolate",
            "lightcoral",
            "forestgreen"
        ],
        "other_colors": [
            "mintcream",
            "pink",
            "bisque"
        ],
        "th_fold_change": 2,
        "th_significance": 0.001,
        "font_size_quadrants": 8,
        "font_size_examples": 16,
        "marker_trasp": [
            0.95,
            0.8,
            0.65,
            0.45
        ],
        "rect_trasp": [
            0.25,
            0.15,
            0.4
        ],
        "rect_colors": [
            "silver",
            "lightgrey",
            "darkgrey"
        ],
        "markers": [
            "o",
            "^",
            "s",
            "*",
            "X",
            "p",
            "."
        ],
        "markers_sizes": [
            14,
            12,
            10,
            8
        ],
        "is_example": false,
        "use_notation": true,
        "gene_name": "GN",
        "multiplication factor": 2,
        "CSV delimiter": ",",
        "Log Epsilon": 1e-10,
        "Scorecard title": "Nosocomial Ent. faec. under metal stress",
        "labels font size": 18,
        "Total entries": 3025,
        "Quadrant entries": 1135
    }
}