{
    "A": [
        "SA_RS08315",
        "SA_RS14740",
        "SA_RS09770",
        "Novel00428",
        "SA_RS13405",
        "SA_RS13430"
    ],
    "B": [
        "Novel00071",
        "SA_RS03400",
        "SA_RS08310",
        "SA_RS09375",
        "SA_RS09705",
        "SA_RS09760",
        "SA_RS09765",
        "SA_RS09835",
        "SA_RS12150",
        "SA_RS12750",
        "SA_RS12755"
    ],
    "C": [],
    "D": [
        "SA_RS01210"
    ],
    "E": [],
    "A_x": [
        3.871027494,
        4.578704834,
        4.418057018,
        3.010880575,
        7.233486069,
        5.083903147
    ],
    "B_x": [
        4.877481252,
        3.360335272,
        3.73604588,
        3.882632203,
        3.135550951,
        3.058489632,
        3.400332185,
        4.040989556,
        3.003526888,
        3.871489258,
        4.120939958
    ],
    "C_x": [],
    "D_x": [
        4.006645235
    ],
    "E_x": [],
    "A_y": [
        3.453566574,
        3.267257387,
        3.321429526,
        3.004825493,
        5.215005012,
        4.435266017
    ],
    "B_y": [
        2.49634741,
        2.859320722,
        2.968368983,
        2.12241967,
        2.870913748,
        2.005055461,
        2.386096001,
        2.946873821,
        2.362408679,
        2.806773655,
        2.741846187
    ],
    "C_y": [],
    "D_y": [
        1.68953889
    ],
    "E_y": [],
    "A_pval_x": [
        7.14e-18,
        9.19e-19,
        1.38e-15,
        8.97e-07,
        1.19e-71,
        1.4599999999999998e-23
    ],
    "A_pval_y": [
        3.47e-09,
        0.003470453,
        1.85e-07,
        0.001390402,
        7.92e-41,
        6.45e-15
    ],
    "B_pval_x": [
        9.48e-16,
        2.01e-16,
        1.07e-09,
        3.13e-13,
        4.15e-09,
        2.67e-12,
        2.05e-14,
        1.37e-24,
        2.18e-11,
        7.01e-11,
        1.04e-11
    ],
    "B_pval_y": [
        0.00056352,
        1.73e-07,
        1.65e-06,
        0.010005723,
        1.46e-06,
        0.000844054,
        1.03e-05,
        3.47e-09,
        0.00056352,
        0.000440464,
        0.001479112
    ],
    "C_pval_x": [],
    "C_pval_y": [],
    "D_pval_x": [
        5.77e-13
    ],
    "D_pval_y": [
        0.017616828
    ],
    "E_pval_x": [],
    "E_pval_y": [],
    "COLORS": [
        "goldenrod",
        "limegreen",
        "dodgerblue",
        "sandybrown",
        "crimson"
    ],
    "params": {
        "FC cond x": "Lor_OxvsUn_log2FoldChange",
        "FC cond y": "Lor_OxvsCmpd8_Ox_log2FoldChange",
        "padj cond x": "Lor_OxvsUn_padj",
        "padj cond y": "Lor_OxvsCmpd8_Ox_padj",
        "incl aver": false,
        "base_dir": "D:/GED_VIS_PROJECT/Dataset3_REDO",
        "filename": "USA100_comp.CSV",
        "zscore": false,
        "Treatment1 name": "Lor_OxvsUn",
        "Treatment2 name": "Lor_OxvsCmpd8_Ox",
        "Control name": "Un",
        "fig_size": 10,
        "save_dir": "D:/GED_VIS_PROJECT/Dataset3_REDO/Scorecard_STANDARD",
        "colors": [
            "goldenrod",
            "limegreen",
            "dodgerblue",
            "sandybrown",
            "crimson"
        ],
        "other_colors": [
            "darkcyan",
            "indigo",
            "orangered"
        ],
        "th_fold_change": 2,
        "th_significance": 0.05,
        "font_size_quadrants": 8,
        "font_size_examples": 16,
        "marker_trasp": [
            0.95,
            0.8,
            0.65,
            0.45
        ],
        "rect_trasp": [
            0.25,
            0.15,
            0.4
        ],
        "rect_colors": [
            "silver",
            "lightgrey",
            "darkgrey"
        ],
        "markers": [
            "o",
            "^",
            "s",
            "*",
            "X",
            "p",
            "."
        ],
        "markers_sizes": [
            14,
            12,
            10,
            8
        ],
        "is_example": false,
        "use_notation": false,
        "gene_name": "gene_id",
        "multiplication factor": 1.5,
        "CSV delimiter": ";",
        "Log Epsilon": 1e-10,
        "Scorecard title": "MRSA USA100 cultures",
        "labels font size": 18,
        "Total entries": 3170,
        "Quadrant entries": 1175
    }
}