{
    "A": [
        "SMU_1597c",
        "celR",
        "lacA",
        "lacB",
        "lacC",
        "lacD",
        "ptcA",
        "ptcB",
        "ptcC"
    ],
    "B": [
        "bgl"
    ],
    "C": [
        "SMU_1488c",
        "SMU_310",
        "SMU_314",
        "SMU_494",
        "SMU_507",
        "SMU_508",
        "lacE",
        "lacF",
        "lacG",
        "lacX",
        "lytS",
        "pdhC"
    ],
    "D": [],
    "E": [
        "pttB",
        "treA"
    ],
    "A_x": [
        -6.064545924,
        -5.503414562,
        -4.906823141,
        -4.551781603,
        -4.272764022,
        -4.471891729,
        -5.567065261,
        -5.042171335,
        -6.476038662
    ],
    "B_x": [
        -4.192978068
    ],
    "C_x": [
        -3.547403352,
        -2.18238614,
        -3.269250234,
        -2.473805378,
        -3.031993812,
        -2.980133557,
        -3.193537452,
        -3.558481593,
        -3.028338861,
        -2.892462989,
        -2.414711231,
        -2.420068938
    ],
    "D_x": [],
    "E_x": [
        -1.853312921,
        -1.469142546
    ],
    "A_y": [
        -6.615574931,
        -6.903327188,
        -6.266822949,
        -7.024897363,
        -6.35987643,
        -6.950899174,
        -6.879002964,
        -6.4703375,
        -7.035707439
    ],
    "B_y": [
        -3.880511712
    ],
    "C_y": [
        -5.291544273,
        -4.072084034,
        -4.002518734,
        -4.060962738,
        -4.972855141,
        -4.722019301,
        -4.501686085,
        -4.534875698,
        -4.588861603,
        -4.264717746,
        -4.040929115,
        -4.08466107
    ],
    "D_y": [],
    "E_y": [
        -5.023813509,
        -4.938609053
    ],
    "A_pval_x": [
        4.2e-62,
        1.22e-96,
        3.05e-26,
        2.21e-18,
        9.35e-16,
        3.49e-17,
        2.5599999999999998e-61,
        8.61e-73,
        1.38e-63
    ],
    "A_pval_y": [
        6.71e-09,
        5.2099999999999995e-93,
        1.49e-38,
        1.9e-47,
        9.51e-49,
        1.12e-50,
        4.3e-92,
        9.68e-56,
        2.44e-44
    ],
    "B_pval_x": [
        2.89e-46
    ],
    "B_pval_y": [
        3.72e-62
    ],
    "C_pval_x": [
        2.48e-06,
        8.68e-07,
        1.3400000000000002e-21,
        4.2e-08,
        1.19e-17,
        3.45e-32,
        3.26e-09,
        5.53e-09,
        1.95e-06,
        9.56e-06,
        4.7e-21,
        1.29e-10
    ],
    "C_pval_y": [
        1.43e-07,
        6.230000000000001e-32,
        1.97e-36,
        3.8600000000000003e-22,
        1.33e-71,
        9.330000000000001e-58,
        1.72e-33,
        6.46e-23,
        3.26e-31,
        1.33e-18,
        1.6099999999999998e-69,
        1.52e-47
    ],
    "D_pval_x": [],
    "D_pval_y": [],
    "E_pval_x": [
        1.97e-10,
        5.09e-05
    ],
    "E_pval_y": [
        5.66e-101,
        9.31e-80
    ],
    "M": [
        "SMU_168",
        "SMU_1704",
        "SMU_1705",
        "SMU_1706",
        "SMU_172",
        "SMU_1977c",
        "SMU_311",
        "SMU_312",
        "SMU_313",
        "SMU_491",
        "folT",
        "SMU_704c",
        "SMU_706c",
        "SMU_709",
        "SMU_711",
        "adhA",
        "adhC",
        "galR",
        "gldA",
        "lplA",
        "lytR",
        "nrdD",
        "pfl2"
    ],
    "S": [
        "adhD",
        "cah"
    ],
    "R": [
        "SMU_1116c",
        "SMU_1546",
        "SMU_173",
        "SMU_180",
        "SMU_1975c",
        "SMU_1976c",
        "SMU_2127",
        "SMU_309",
        "SMU_631",
        "bglP",
        "galK",
        "murF",
        "pdhB",
        "sgaT"
    ],
    "M_x": [
        -2.429494746,
        -3.157200229,
        -3.005482152,
        -2.646399342,
        -2.180021227,
        -2.291945165,
        -2.594974584,
        -2.7133766,
        -3.166132042,
        -2.363334808,
        -2.274491843,
        -3.434615863,
        -3.068703326,
        -2.484559461,
        -3.003632033,
        -2.008209053,
        -2.232976759,
        -2.614786406,
        -2.097889509,
        -2.381496701,
        -2.275744938,
        -2.480648229,
        -2.422775917
    ],
    "S_x": [
        -2.028298228,
        -2.174237886
    ],
    "R_x": [
        -1.022966615,
        -1.283168217,
        -1.500651892,
        -1.442370035,
        -1.714873655,
        -1.995144258,
        -1.71366068,
        -1.945078206,
        -1.616053428,
        -1.16692413,
        -1.283386892,
        -1.457817307,
        -1.821733382,
        -1.162582442
    ],
    "M_y": [
        -3.90691157,
        -3.706964988,
        -2.945440642,
        -2.891596037,
        -3.38058772,
        -2.86352172,
        -3.246841359,
        -3.397310118,
        -3.949594753,
        -2.751481812,
        -2.400917652,
        -3.391022054,
        -3.541189093,
        -3.004464851,
        -3.184285849,
        -2.01088743,
        -2.146787484,
        -3.151676557,
        -3.509591564,
        -2.116429173,
        -3.752970086,
        -2.645727333,
        -3.744665251
    ],
    "S_y": [
        -1.813029704,
        -1.561407717
    ],
    "R_y": [
        -2.154087409,
        -2.08477557,
        -2.988906689,
        -2.201877912,
        -2.231084188,
        -2.622492328,
        -2.764979425,
        -3.99885279,
        -2.776698646,
        -2.196301039,
        -2.633677395,
        -2.246417228,
        -3.185432917,
        -2.843741543
    ],
    "M_pval_x": [
        2.51e-19,
        4.1e-12,
        1.9e-19,
        7.26e-25,
        0.000697858,
        3.68e-18,
        3.62e-15,
        1.92e-13,
        1.26e-26,
        1.67e-10,
        4.81e-17,
        1.14e-18,
        6.22e-24,
        1.64e-14,
        5.16e-15,
        2.17e-08,
        5.05e-12,
        5.13e-18,
        5.99e-11,
        2.06e-24,
        1.77e-12,
        6.09e-28,
        1.3e-18
    ],
    "M_pval_y": [
        2.2700000000000003e-43,
        5.09e-14,
        1.14e-16,
        2.0899999999999997e-23,
        1.79e-08,
        4.2e-48,
        9.6e-26,
        1.1e-43,
        5.87e-38,
        2.16e-11,
        1.94e-15,
        7.319999999999999e-23,
        1.3599999999999998e-52,
        2.01e-33,
        1.13e-17,
        1.2e-08,
        2.78e-13,
        1.1e-26,
        7.97e-30,
        1.9500000000000002e-33,
        2.2699999999999997e-46,
        3.3e-45,
        7.04e-54
    ],
    "S_pval_x": [
        1.56e-09,
        7.84e-06
    ],
    "S_pval_y": [
        1.53e-20,
        2.13e-08
    ],
    "R_pval_x": [
        0.000206645,
        8.73e-05,
        0.000109214,
        1.01e-05,
        9.01e-05,
        4.17e-15,
        1.22e-18,
        9.78e-10,
        1.98e-05,
        0.000304958,
        0.000110339,
        1.89e-05,
        8.21e-05,
        0.000397566
    ],
    "R_pval_y": [
        1.23e-22,
        5.53e-10,
        2.78e-28,
        7.78e-19,
        9.49e-09,
        2.9600000000000002e-33,
        1.3099999999999998e-55,
        4.03e-63,
        3.45e-17,
        4.93e-20,
        6.13e-34,
        2.61e-14,
        1.13e-35,
        1.4000000000000002e-21
    ],
    "COLORS": [
        "tomato",
        "darkorange",
        "olivedrab",
        "powderblue",
        "hotpink"
    ],
    "params": {
        "FC cond x": "TSB_versus_Glu_log2FoldChange",
        "FC cond y": "TSB_versus_Suc_log2FoldChange",
        "padj cond x": "TSB_versus_Glu_padj",
        "padj cond y": "TSB_versus_Suc_padj",
        "incl aver": true,
        "base_dir": "D:/GED_VIS_PROJECT/Dataset5_REDO",