{
    "A": [],
    "B": [],
    "C": [],
    "D": [],
    "E": [
        "arcC"
    ],
    "A_x": [],
    "B_x": [],
    "C_x": [],
    "D_x": [],
    "E_x": [
        1.638342328
    ],
    "A_y": [],
    "B_y": [],
    "C_y": [],
    "D_y": [],
    "E_y": [
        -5.034901595
    ],
    "A_pval_x": [],
    "A_pval_y": [],
    "B_pval_x": [],
    "B_pval_y": [],
    "C_pval_x": [],
    "C_pval_y": [],
    "D_pval_x": [],
    "D_pval_y": [],
    "E_pval_x": [
        3.75e-05
    ],
    "E_pval_y": [
        2.7e-28
    ],
    "M": [
        "fruD",
        "lacD2"
    ],
    "S": [
        "SMU_1105c",
        "SMU_1106c",
        "fruP",
        "fruC",
        "bglB1"
    ],
    "R": [
        "SMU_1104c",
        "aguA",
        "SMU_527",
        "SMU_984",
        "ascB",
        "bglA",
        "bglB2",
        "otcA"
    ],
    "M_x": [
        2.344453756,
        2.82886628
    ],
    "S_x": [
        2.538430924,
        2.806013796,
        2.018830506,
        2.019999603,
        2.015387324
    ],
    "R_x": [
        1.888023637,
        1.982650965,
        1.300776026,
        1.918540239,
        1.405281111,
        1.114951725,
        1.59818372,
        1.906289034
    ],
    "M_y": [
        -2.299171271,
        -2.245121383
    ],
    "S_y": [
        -1.634001211,
        -1.438736687,
        -1.569256689,
        -0.834275756,
        -1.185724262
    ],
    "R_y": [
        -2.321804595,
        -3.574749867,
        -2.257916018,
        -2.058813475,
        -2.619203157,
        -2.086378399,
        -2.210812549,
        -3.986874747
    ],
    "M_pval_x": [
        3.21e-14,
        9.64e-26
    ],
    "M_pval_y": [
        2.52e-05,
        1.32e-10
    ],
    "S_pval_x": [
        6.58e-07,
        1.26e-26,
        1.95e-09,
        2.15e-10,
        1.71e-11
    ],
    "S_pval_y": [
        6.82e-05,
        8.1e-11,
        4.89e-05,
        0.000850493,
        1.91e-05
    ],
    "R_pval_x": [
        8.24e-07,
        3.27e-05,
        9.01e-05,
        9.68e-15,
        6.19e-07,
        0.000853501,
        0.000431627,
        1.11e-09
    ],
    "R_pval_y": [
        4.51e-17,
        2.24e-31,
        9.800000000000001e-29,
        5.29e-11,
        5.66e-35,
        9.66e-21,
        1.42e-07,
        5e-30
    ],
    "COLORS": [
        "tomato",
        "darkorange",
        "olivedrab",
        "powderblue",
        "hotpink"
    ],
    "params": {
        "FC cond x": "TSB_versus_Glu_log2FoldChange",
        "FC cond y": "TSB_versus_Suc_log2FoldChange",
        "padj cond x": "TSB_versus_Glu_padj",
        "padj cond y": "TSB_versus_Suc_padj",
        "incl aver": true,
        "base_dir": "D:/GED_VIS_PROJECT/Dataset5_REDO",
        "filename": "preproc_data_red.CSV",
        "zscore": false,
        "Treatment1 name": "Glu",
        "Treatment2 name": "Suc",
        "Control name": "TSB",
        "fig_size": 10,
        "save_dir": "D:/GED_VIS_PROJECT/Dataset5_REDO/Scorecard_restricted_FULL",
        "colors": [
            "tomato",
            "darkorange",
            "olivedrab",
            "powderblue",
            "hotpink"
        ],
        "other_colors": [
            "peru",
            "khaki",
            "lavender"
        ],
        "th_fold_change": 2,
        "th_significance": 0.001,
        "font_size_quadrants": 8,
        "font_size_examples": 16,
        "marker_trasp": [
            0.95,
            0.8,
            0.65,
            0.45
        ],
        "rect_trasp": [
            0.25,
            0.15,
            0.4
        ],
        "rect_colors": [
            "silver",
            "lightgrey",
            "darkgrey"
        ],
        "markers": [
            "o",
            "^",
            "s",
            "*",
            "X",
            "p",
            "."
        ],
        "markers_sizes": [
            14,
            12,
            10,
            8
        ],
        "is_example": false,
        "use_notation": true,
        "gene_name": "Name",
        "multiplication factor": 2,
        "CSV delimiter": ";",
        "Log Epsilon": 1e-10,
        "Scorecard title": "Gene expr. of S. mutans",
        "labels font size": 18,
        "Total entries": 1814,
        "Quadrant entries": 384
    }
}