{
    "A": [
        "SA_RS03110",
        "SA_RS13405",
        "SA_RS13430"
    ],
    "B": [
        "Novel00071",
        "Novel00072",
        "SA_RS08310",
        "SA_RS08315",
        "SA_RS14740",
        "SA_RS09375",
        "SA_RS09770"
    ],
    "C": [],
    "D": [
        "SA_RS01210",
        "SA_RS03400",
        "SA_RS09705",
        "SA_RS09755",
        "SA_RS09760",
        "SA_RS09765",
        "SA_RS12150",
        "SA_RS12750",
        "SA_RS12755"
    ],
    "E": [],
    "A_x": [
        8.785205213,
        5.348571986,
        9.500113908
    ],
    "B_x": [
        7.824473785,
        6.546000461,
        5.360524958,
        6.493747937,
        5.142661127,
        4.261809329,
        4.605324517
    ],
    "C_x": [],
    "D_x": [
        4.115523656,
        4.301093713,
        3.720455876,
        3.183227279,
        3.366164802,
        3.522259113,
        3.982778543,
        3.990218456,
        4.297150644
    ],
    "E_x": [],
    "A_y": [
        3.415972799,
        7.459804401,
        3.035549335
    ],
    "B_y": [
        2.933083794,
        2.7481804,
        2.140532253,
        2.31266759,
        2.155179504,
        2.17273969,
        2.007144267
    ],
    "C_y": [],
    "D_y": [
        1.726447535,
        1.482175012,
        1.393468082,
        1.03960152,
        1.202851165,
        1.452735807,
        1.41695055,
        1.237171118,
        1.514677359
    ],
    "E_y": [],
    "A_pval_x": [
        5.57e-117,
        2.95e-33,
        3.6199999999999994e-89
    ],
    "A_pval_y": [
        2.85e-07,
        3.61e-66,
        5.28e-08
    ],
    "B_pval_x": [
        7.59e-51,
        3.16e-17,
        8.43e-29,
        9.7e-56,
        5.12e-20,
        1.89e-16,
        4.19e-16
    ],
    "B_pval_y": [
        6.26e-05,
        0.010892064,
        0.006403015,
        2.85e-07,
        0.008592711,
        7.8e-06,
        2.12e-05
    ],
    "C_pval_x": [],
    "C_pval_y": [],
    "D_pval_x": [
        3.8e-16,
        1.1900000000000001e-26,
        7.23e-12,
        5.96e-23,
        1.96e-14,
        9.78e-15,
        1.22e-19,
        2.67e-10,
        4.01e-11
    ],
    "D_pval_y": [
        0.013879054,
        1.88e-06,
        0.004677455,
        0.020901237,
        0.000524707,
        3.27e-05,
        0.001213774,
        0.025645298,
        0.014960427
    ],
    "E_pval_x": [],
    "E_pval_y": [],
    "COLORS": [
        "goldenrod",
        "limegreen",
        "dodgerblue",
        "sandybrown",
        "crimson"
    ],
    "params": {
        "FC cond x": "Lor_OxvsCmpd8_log2FoldChange",
        "FC cond y": "LorvsUn_log2FoldChange",
        "padj cond x": "Lor_OxvsCmpd8_padj",
        "padj cond y": "LorvsUn_padj",
        "incl aver": false,
        "base_dir": "D:/GED_VIS_PROJECT/Dataset3_REDO",
        "filename": "USA100_comp.CSV",
        "zscore": false,
        "Treatment1 name": "Lor_OxvsCmpd8",
        "Treatment2 name": "LorvsUn",
        "Control name": "Un",
        "fig_size": 10,
        "save_dir": "D:/GED_VIS_PROJECT/Dataset3_REDO/Scorecard_STANDARD",
        "colors": [
            "goldenrod",
            "limegreen",
            "dodgerblue",
            "sandybrown",
            "crimson"
        ],
        "other_colors": [
            "darkcyan",
            "indigo",
            "orangered"
        ],
        "th_fold_change": 2,
        "th_significance": 0.05,
        "font_size_quadrants": 8,
        "font_size_examples": 16,
        "marker_trasp": [
            0.95,
            0.8,
            0.65,
            0.45
        ],
        "rect_trasp": [
            0.25,
            0.15,
            0.4
        ],
        "rect_colors": [
            "silver",
            "lightgrey",
            "darkgrey"
        ],
        "markers": [
            "o",
            "^",
            "s",
            "*",
            "X",
            "p",
            "."
        ],
        "markers_sizes": [
            14,
            12,
            10,
            8
        ],
        "is_example": false,
        "use_notation": false,
        "gene_name": "gene_id",
        "multiplication factor": 1.5,
        "CSV delimiter": ";",
        "Log Epsilon": 1e-10,
        "Scorecard title": "MRSA USA100 cultures",
        "labels font size": 18,
        "Total entries": 3160,
        "Quadrant entries": 992
    }
}