{
    "A": [
        "Novel00071",
        "Novel00072",
        "SA_RS03110",
        "SA_RS03400",
        "SA_RS08310",
        "SA_RS08315",
        "SA_RS14740",
        "SA_RS09770",
        "Novel00428",
        "SA_RS13430"
    ],
    "B": [
        "SA_RS09375",
        "SA_RS09705",
        "SA_RS09760",
        "SA_RS09765",
        "SA_RS09835",
        "SA_RS12150",
        "SA_RS12750",
        "SA_RS12755"
    ],
    "C": [
        "Novel00429"
    ],
    "D": [],
    "E": [],
    "A_x": [
        4.877481252,
        4.117079245,
        6.891177582,
        3.360335272,
        3.73604588,
        3.871027494,
        4.578704834,
        4.418057018,
        3.010880575,
        5.083903147
    ],
    "B_x": [
        3.882632203,
        3.135550951,
        3.058489632,
        3.400332185,
        4.040989556,
        3.003526888,
        3.871489258,
        4.120939958
    ],
    "C_x": [
        2.754976061
    ],
    "D_x": [],
    "E_x": [],
    "A_y": [
        6.820655507,
        5.700700883,
        7.531558909,
        3.285530282,
        4.801510095,
        5.648001446,
        4.075106543,
        3.022711319,
        3.398817353,
        8.080887494
    ],
    "B_y": [
        2.629289417,
        2.74988282,
        2.52595595,
        2.234233669,
        2.292277182,
        2.629536815,
        2.012476032,
        2.297573402
    ],
    "C_y": [
        4.34027804
    ],
    "D_y": [],
    "E_y": [],
    "A_pval_x": [
        9.48e-16,
        1.74e-07,
        5.25e-45,
        2.01e-16,
        1.07e-09,
        7.14e-18,
        9.19e-19,
        1.38e-15,
        8.97e-07,
        1.4599999999999998e-23
    ],
    "A_pval_y": [
        7.49e-15,
        2.12e-07,
        2.7699999999999996e-23,
        1.31e-06,
        2.12e-07,
        8.27e-16,
        3.83e-06,
        0.001970881,
        0.00025473,
        2.97e-25
    ],
    "B_pval_x": [
        3.13e-13,
        4.15e-09,
        2.67e-12,
        2.05e-14,
        1.37e-24,
        2.18e-11,
        7.01e-11,
        1.04e-11
    ],
    "B_pval_y": [
        0.000849087,
        2.41e-05,
        0.000819179,
        0.005189974,
        0.000409019,
        9.4e-06,
        0.030794184,
        0.014893859
    ],
    "C_pval_x": [
        2.59e-05
    ],
    "C_pval_y": [
        0.001492355
    ],
    "D_pval_x": [],
    "D_pval_y": [],
    "E_pval_x": [],
    "E_pval_y": [],
    "COLORS": [
        "goldenrod",
        "limegreen",
        "dodgerblue",
        "sandybrown",
        "crimson"
    ],
    "params": {
        "FC cond x": "Lor_OxvsUn_log2FoldChange",
        "FC cond y": "OxvsCmpd8_log2FoldChange",
        "padj cond x": "Lor_OxvsUn_padj",
        "padj cond y": "OxvsCmpd8_padj",
        "incl aver": false,
        "base_dir": "D:/GED_VIS_PROJECT/Dataset3_REDO",
        "filename": "USA100_comp.CSV",
        "zscore": false,
        "Treatment1 name": "Lor_OxvsUn",
        "Treatment2 name": "OxvsCmpd8",
        "Control name": "Un",
        "fig_size": 10,
        "save_dir": "D:/GED_VIS_PROJECT/Dataset3_REDO/Scorecard_STANDARD",
        "colors": [
            "goldenrod",
            "limegreen",
            "dodgerblue",
            "sandybrown",
            "crimson"
        ],
        "other_colors": [
            "darkcyan",
            "indigo",
            "orangered"
        ],
        "th_fold_change": 2,
        "th_significance": 0.05,
        "font_size_quadrants": 8,
        "font_size_examples": 16,
        "marker_trasp": [
            0.95,
            0.8,
            0.65,
            0.45
        ],
        "rect_trasp": [
            0.25,
            0.15,
            0.4
        ],
        "rect_colors": [
            "silver",
            "lightgrey",
            "darkgrey"
        ],
        "markers": [
            "o",
            "^",
            "s",
            "*",
            "X",
            "p",
            "."
        ],
        "markers_sizes": [
            14,
            12,
            10,
            8
        ],
        "is_example": false,
        "use_notation": false,
        "gene_name": "gene_id",
        "multiplication factor": 1.5,
        "CSV delimiter": ";",
        "Log Epsilon": 1e-10,
        "Scorecard title": "MRSA USA100 cultures",
        "labels font size": 18,
        "Total entries": 3159,
        "Quadrant entries": 757
    }
}