{
    "A": [
        "SA_RS15060",
        "SA_RS05730",
        "SA_RS05800",
        "SA_RS12490",
        "SA_RS12520",
        "SA_RS12525",
        "SA_RS12530",
        "SA_RS12535",
        "SA_RS12540",
        "SA_RS12545",
        "SA_RS12550"
    ],
    "B": [
        "SA_RS01280",
        "SA_RS03250"
    ],
    "C": [
        "SA_RS10065",
        "SA_RS12660",
        "SA_RS12675",
        "SA_RS12680"
    ],
    "D": [],
    "E": [],
    "A_x": [
        -3.924733405,
        -3.436019412,
        -5.311648371,
        -4.173158998,
        -3.3991351,
        -4.859970437,
        -4.557942953,
        -3.607661311,
        -3.878806645,
        -3.245177849,
        -3.543458584
    ],
    "B_x": [
        -3.116030536,
        -3.394207878
    ],
    "C_x": [
        -2.013413475,
        -2.241773325,
        -2.090436396,
        -2.224298769
    ],
    "D_x": [],
    "E_x": [],
    "A_y": [
        3.812099656,
        4.070142128,
        4.429985854,
        4.087103386,
        3.025770258,
        4.043974,
        3.874523351,
        3.376828486,
        3.491460627,
        3.727537793,
        3.140438597
    ],
    "B_y": [
        2.481126289,
        2.132042442
    ],
    "C_y": [
        3.379571022,
        3.87801713,
        3.249844503,
        3.132021512
    ],
    "D_y": [],
    "E_y": [],
    "A_pval_x": [
        0.008815336,
        1.09e-05,
        8.27e-07,
        2e-15,
        9.55e-12,
        2.3e-17,
        5.13e-17,
        6.19e-06,
        0.000153205,
        0.001346635,
        3e-08
    ],
    "A_pval_y": [
        0.030326211,
        0.001549349,
        0.003701547,
        2.26e-12,
        9.75e-09,
        2.85e-19,
        9.29e-12,
        0.000221439,
        0.002720837,
        0.001224851,
        6.27e-06
    ],
    "B_pval_x": [
        1.07e-14,
        6.19e-12
    ],
    "B_pval_y": [
        5.33e-07,
        0.000312827
    ],
    "C_pval_x": [
        0.001988305,
        2.11e-05,
        0.000109889,
        0.004809642
    ],
    "C_pval_y": [
        2.95e-05,
        5.33e-07,
        5.75e-06,
        2.92e-05
    ],
    "D_pval_x": [],
    "D_pval_y": [],
    "E_pval_x": [],
    "E_pval_y": [],
    "COLORS": [
        "goldenrod",
        "limegreen",
        "dodgerblue",
        "sandybrown",
        "crimson"
    ],
    "params": {
        "FC cond x": "Lor_OxvsOx_log2FoldChange",
        "FC cond y": "OxvsLor_log2FoldChange",
        "padj cond x": "Lor_OxvsOx_padj",
        "padj cond y": "OxvsLor_padj",
        "incl aver": false,
        "base_dir": "D:/GED_VIS_PROJECT/Dataset3_REDO",
        "filename": "USA100_comp.CSV",
        "zscore": false,
        "Treatment1 name": "Lor_OxvsOx",
        "Treatment2 name": "OxvsLor",
        "Control name": "Un",
        "fig_size": 10,
        "save_dir": "D:/GED_VIS_PROJECT/Dataset3_REDO/Scorecard_STANDARD",
        "colors": [
            "goldenrod",
            "limegreen",
            "dodgerblue",
            "sandybrown",
            "crimson"
        ],
        "other_colors": [
            "darkcyan",
            "indigo",
            "orangered"
        ],
        "th_fold_change": 2,
        "th_significance": 0.05,
        "font_size_quadrants": 8,
        "font_size_examples": 16,
        "marker_trasp": [
            0.95,
            0.8,
            0.65,
            0.45
        ],
        "rect_trasp": [
            0.25,
            0.15,
            0.4
        ],
        "rect_colors": [
            "silver",
            "lightgrey",
            "darkgrey"
        ],
        "markers": [
            "o",
            "^",
            "s",
            "*",
            "X",
            "p",
            "."
        ],
        "markers_sizes": [
            14,
            12,
            10,
            8
        ],
        "is_example": false,
        "use_notation": false,
        "gene_name": "gene_id",
        "multiplication factor": 1.5,
        "CSV delimiter": ";",
        "Log Epsilon": 1e-10,
        "Scorecard title": "MRSA USA100 cultures",
        "labels font size": 18,
        "Total entries": 3169,
        "Quadrant entries": 1227
    }
}