{
    "A": [
        "SA_RS01295",
        "SA_RS03775",
        "SA_RS03780",
        "SA_RS05690",
        "SA_RS05695",
        "SA_RS10065",
        "SA_RS12660",
        "SA_RS13430"
    ],
    "B": [],
    "C": [
        "Novel00071",
        "SA_RS05670",
        "SA_RS08315",
        "SA_RS12670",
        "SA_RS12675"
    ],
    "D": [],
    "E": [
        "SA_RS03110",
        "SA_RS03400"
    ],
    "A_x": [
        -3.166579661,
        -3.807415565,
        -3.118426623,
        -4.105074626,
        -3.609994345,
        -3.720989944,
        -4.586293731,
        -4.41417886
    ],
    "B_x": [],
    "C_x": [
        -2.949496119,
        -2.583773353,
        -2.619710781,
        -2.205862181,
        -2.44744667
    ],
    "D_x": [],
    "E_x": [
        -1.889787643,
        -0.945483326
    ],
    "A_y": [
        3.325517478,
        4.366532041,
        4.250640475,
        4.328076146,
        3.763624362,
        4.650693348,
        4.479802768,
        8.080887494
    ],
    "B_y": [],
    "C_y": [
        6.820655507,
        4.25556416,
        5.648001446,
        4.619140535,
        4.352028974
    ],
    "D_y": [],
    "E_y": [
        7.531558909,
        3.285530282
    ],
    "A_pval_x": [
        6.95e-05,
        1.23e-12,
        3.8e-13,
        1.12e-07,
        8.89e-05,
        7.69e-19,
        1.07e-08,
        7.45e-16
    ],
    "A_pval_y": [
        0.001965823,
        2.58e-30,
        8.130000000000001e-32,
        5.6e-15,
        2.12e-07,
        1.0000000000000001e-28,
        1.11e-25,
        2.97e-25
    ],
    "B_pval_x": [],
    "B_pval_y": [],
    "C_pval_x": [
        0.008345347,
        0.004704074,
        1.21e-10,
        0.005910011,
        0.000396925
    ],
    "C_pval_y": [
        7.49e-15,
        2.57e-44,
        8.27e-16,
        1.56e-08,
        6.06e-14
    ],
    "D_pval_x": [],
    "D_pval_y": [],
    "E_pval_x": [
        0.015584027,
        0.009522207
    ],
    "E_pval_y": [
        2.7699999999999996e-23,
        1.31e-06
    ],
    "COLORS": [
        "goldenrod",
        "limegreen",
        "dodgerblue",
        "sandybrown",
        "crimson"
    ],
    "params": {
        "FC cond x": "Cmpd8vsUn_log2FoldChange",
        "FC cond y": "OxvsCmpd8_log2FoldChange",
        "padj cond x": "Cmpd8vsUn_padj",
        "padj cond y": "OxvsCmpd8_padj",
        "incl aver": false,
        "base_dir": "D:/GED_VIS_PROJECT/Dataset3_REDO",
        "filename": "USA100_comp.CSV",
        "zscore": false,
        "Treatment1 name": "Cmpd8vsUn",
        "Treatment2 name": "OxvsCmpd8",
        "Control name": "Un",
        "fig_size": 10,
        "save_dir": "D:/GED_VIS_PROJECT/Dataset3_REDO/Scorecard_STANDARD",
        "colors": [
            "goldenrod",
            "limegreen",
            "dodgerblue",
            "sandybrown",
            "crimson"
        ],
        "other_colors": [
            "darkcyan",
            "indigo",
            "orangered"
        ],
        "th_fold_change": 2,
        "th_significance": 0.05,
        "font_size_quadrants": 8,
        "font_size_examples": 16,
        "marker_trasp": [
            0.95,
            0.8,
            0.65,
            0.45
        ],
        "rect_trasp": [
            0.25,
            0.15,
            0.4
        ],
        "rect_colors": [
            "silver",
            "lightgrey",
            "darkgrey"
        ],
        "markers": [
            "o",
            "^",
            "s",
            "*",
            "X",
            "p",
            "."
        ],
        "markers_sizes": [
            14,
            12,
            10,
            8
        ],
        "is_example": false,
        "use_notation": false,
        "gene_name": "gene_id",
        "multiplication factor": 1.5,
        "CSV delimiter": ";",
        "Log Epsilon": 1e-10,
        "Scorecard title": "MRSA USA100 cultures",
        "labels font size": 18,
        "Total entries": 3171,
        "Quadrant entries": 1114
    }
}