{
    "A": [
        "SA_RS08315",
        "SA_RS14740",
        "SA_RS09770",
        "Novel00428",
        "SA_RS13430"
    ],
    "B": [
        "Novel00071",
        "SA_RS03400",
        "SA_RS03780",
        "SA_RS08310",
        "Novel00429",
        "SA_RS12660"
    ],
    "C": [],
    "D": [
        "SA_RS03775",
        "SA_RS12670",
        "SA_RS12675"
    ],
    "E": [],
    "A_x": [
        5.648001446,
        4.075106543,
        3.022711319,
        3.398817353,
        8.080887494
    ],
    "B_x": [
        6.820655507,
        3.285530282,
        4.250640475,
        4.801510095,
        4.34027804,
        4.479802768
    ],
    "C_x": [],
    "D_x": [
        4.366532041,
        4.619140535,
        4.352028974
    ],
    "E_x": [],
    "A_y": [
        3.453566574,
        3.267257387,
        3.321429526,
        3.004825493,
        4.435266017
    ],
    "B_y": [
        2.49634741,
        2.859320722,
        2.03593044,
        2.968368983,
        2.990861212,
        2.320639552
    ],
    "C_y": [],
    "D_y": [
        1.593293024,
        1.844951054,
        1.975490207
    ],
    "E_y": [],
    "A_pval_x": [
        8.27e-16,
        3.83e-06,
        0.001970881,
        0.00025473,
        2.97e-25
    ],
    "A_pval_y": [
        3.47e-09,
        0.003470453,
        1.85e-07,
        0.001390402,
        6.45e-15
    ],
    "B_pval_x": [
        7.49e-15,
        1.31e-06,
        8.130000000000001e-32,
        2.12e-07,
        0.001492355,
        1.11e-25
    ],
    "B_pval_y": [
        0.00056352,
        1.73e-07,
        3.69e-05,
        1.65e-06,
        4.83e-05,
        0.001479112
    ],
    "C_pval_x": [],
    "C_pval_y": [],
    "D_pval_x": [
        2.58e-30,
        1.56e-08,
        6.06e-14
    ],
    "D_pval_y": [
        0.024596351,
        0.001644828,
        1.03e-05
    ],
    "E_pval_x": [],
    "E_pval_y": [],
    "COLORS": [
        "goldenrod",
        "limegreen",
        "dodgerblue",
        "sandybrown",
        "crimson"
    ],
    "params": {
        "FC cond x": "OxvsCmpd8_log2FoldChange",
        "FC cond y": "Lor_OxvsCmpd8_Ox_log2FoldChange",
        "padj cond x": "OxvsCmpd8_padj",
        "padj cond y": "Lor_OxvsCmpd8_Ox_padj",
        "incl aver": false,
        "base_dir": "D:/GED_VIS_PROJECT/Dataset3_REDO",
        "filename": "USA100_comp.CSV",
        "zscore": false,
        "Treatment1 name": "OxvsCmpd8",
        "Treatment2 name": "Lor_OxvsCmpd8_Ox",
        "Control name": "Un",
        "fig_size": 10,
        "save_dir": "D:/GED_VIS_PROJECT/Dataset3_REDO/Scorecard_STANDARD",
        "colors": [
            "goldenrod",
            "limegreen",
            "dodgerblue",
            "sandybrown",
            "crimson"
        ],
        "other_colors": [
            "darkcyan",
            "indigo",
            "orangered"
        ],
        "th_fold_change": 2,
        "th_significance": 0.05,
        "font_size_quadrants": 8,
        "font_size_examples": 16,
        "marker_trasp": [
            0.95,
            0.8,
            0.65,
            0.45
        ],
        "rect_trasp": [
            0.25,
            0.15,
            0.4
        ],
        "rect_colors": [
            "silver",
            "lightgrey",
            "darkgrey"
        ],
        "markers": [
            "o",
            "^",
            "s",
            "*",
            "X",
            "p",
            "."
        ],
        "markers_sizes": [
            14,
            12,
            10,
            8
        ],
        "is_example": false,
        "use_notation": false,
        "gene_name": "gene_id",
        "multiplication factor": 1.5,
        "CSV delimiter": ";",
        "Log Epsilon": 1e-10,
        "Scorecard title": "MRSA USA100 cultures",
        "labels font size": 18,
        "Total entries": 3166,
        "Quadrant entries": 862
    }
}