{
    "A": [
        "EF.peg.992",
        "EF.peg.1895",
        "EF.peg.540",
        "EF.peg.2172",
        "EF.peg.2213",
        "EF.peg.702",
        "EF.peg.2211",
        "EF.peg.2368",
        "EF.peg.808",
        "EF.peg.629",
        "EF.peg.697",
        "EF.peg.809",
        "EF.peg.701",
        "EF.peg.2173",
        "EF.peg.2215",
        "EF.peg.2212",
        "EF.peg.807",
        "EF.peg.1894",
        "EF.peg.1893",
        "EF.peg.2180",
        "EF.peg.699",
        "EF.peg.2364",
        "EF.peg.1171",
        "EF.peg.124",
        "EF.peg.741",
        "EF.peg.2374",
        "EF.peg.1901",
        "EF.peg.2214",
        "EF.peg.377",
        "EF.peg.2176",
        "EF.peg.2367",
        "EF.peg.698",
        "EF.peg.1892"
    ],
    "B": [
        "EF.peg.1982",
        "EF.peg.2991",
        "EF.peg.703",
        "EF.peg.1828",
        "EF.peg.2366",
        "EF.peg.2845",
        "EF.peg.810",
        "EF.peg.2317",
        "EF.peg.2375",
        "EF.peg.700",
        "EF.peg.1970",
        "EF.peg.811",
        "EF.peg.696",
        "EF.peg.330",
        "EF.peg.2174"
    ],
    "C": [
        "EF.peg.951",
        "EF.peg.2714",
        "EF.peg.382",
        "EF.peg.2210",
        "EF.peg.970",
        "EF.peg.2208",
        "EF.peg.949",
        "EF.peg.2216",
        "EF.peg.2209"
    ],
    "D": [],
    "E": [],
    "A_x": [
        8.28782916633502,
        7.64165392390978,
        6.42349691606271,
        5.9667311729972,
        5.76234053562212,
        8.34115428581853,
        8.33960393805231,
        7.53420218133286,
        4.86578015172372,
        5.37708163630291,
        6.13819406256861,
        6.4638389188702,
        7.83088015488589,
        5.72209407439753,
        5.29937261458049,
        6.01033284970366,
        5.7219982517921,
        8.81860510477477,
        7.5769183267985,
        6.1814355706011,
        6.48867985046798,
        4.69034540680116,
        4.83754243016939,
        4.62294101050889,
        4.62333486436954,
        5.12439816059305,
        5.17585411896501,
        4.34307952069249,
        4.77509324779715,
        5.2434334325432,
        7.05347467385705,
        6.60762646411634,
        6.13065506678981
    ],
    "B_x": [
        4.14220150150452,
        4.897091204696,
        5.17352293934992,
        4.63220299551174,
        4.49756059350652,
        4.73335936167527,
        4.51372342305317,
        4.21994431388065,
        5.13903940077663,
        4.3124216259055,
        4.99650717564901,
        4.6446586784701,
        4.71389340367726,
        8.08764119053699,
        4.38960560348869
    ],
    "C_x": [
        3.03408085176327,
        3.90735555577851,
        3.6892035436375,
        3.96927774154294,
        3.80228950324049,
        3.24787464105215,
        3.70845698825625,
        3.46526523740784,
        3.57027228701955
    ],
    "D_x": [],
    "E_x": [],
    "A_y": [
        8.23342173213536,
        6.80443734948509,
        4.23747865546265,
        4.54867808251669,
        6.1287869804376,
        6.73309994138357,
        8.41579341785877,
        7.15360473728135,
        4.43290594510106,
        4.09076988584928,
        4.57004058058248,
        6.00114984636381,
        6.91372696122845,
        4.718308554055,
        6.2451699301046,
        6.84080285982122,
        4.70585520665892,
        8.17109452787116,
        7.36101971806454,
        5.81942339889812,
        5.11477344413235,
        4.03356529829145,
        4.69994873388249,
        5.74533514408284,
        4.27935782106597,
        4.10491535120036,
        4.93880272119178,
        4.72921528436645,
        4.98333800247136,
        4.27710307706871,
        6.81230768244523,
        4.77923131041491,
        6.17678982360342
    ],
    "B_y": [
        3.17154161548292,
        3.94076981022754,
        3.74109091848129,
        3.9275383099699,
        3.47610330534193,
        3.95776461571915,
        3.87332490065762,
        3.45875077681197,
        3.89405111289963,
        3.41830066674203,
        3.04950640560545,
        3.11595110032271,
        3.11305638169652,
        3.89558832068249,
        3.59820808345894
    ],
    "C_y": [
        6.97313519150344,
        4.53984799921415,
        4.0626536290839,
        4.67465635792628,
        5.06223719765972,
        4.96492838744835,
        6.19854451709805,
        4.19666033666725,
        4.54606763065993
    ],
    "D_y": [],
    "E_y": [],
    "A_pval_x": [
        2.0622580865094e-08,
        3.21917224161107e-12,
        2.68428524969306e-12,
        6.50341601659145e-14,
        5.31342798763873e-10,
        2.78774452296951e-18,
        5.6278575722441096e-18,
        3.16232496681541e-21,
        1.32924548480294e-09,
        2.57017679814276e-11,
        7.51558406965473e-14,
        1.9289143442839e-13,
        2.49318344108693e-17,
        6.00801659082961e-12,
        9.43742405080352e-08,
        1.15772737786185e-08,
        3.7567523478985794e-12,
        3.37165373548691e-24,
        2.76499587973168e-20,
        1.88223925709736e-16,
        2.51834635939589e-16,
        2.0638300772727e-11,
        4.20763698462203e-08,
        5.31342798763873e-10,
        7.33403879964816e-05,
        2.6109872402144503e-09,
        1.27820742541548e-11,
        1.68470476714832e-06,
        2.4201602950808902e-09,
        4.5731388838682e-09,
        2.14618311877996e-19,
        1.13896401400121e-13,
        2.4671209597749702e-14
    ],
    "A_pval_y": [
        5.57884081367706e-08,
        2.96865868006815e-10,
        2.04250680580201e-06,
        3.39824250774291e-08,
        5.06002203545418e-11,
        2.4042837124111198e-11,
        4.80428661509199e-18,
        2.1149934941273304e-19,
        8.26567202862483e-08,
        3.44109372578273e-07,
        9.38582778794687e-08,
        1.54185919526481e-11,
        3.62875990174356e-13,
        4.34535709613574e-08,
        1.15639666462603e-10,
        3.01647452602164e-11,
        1.85509078566912e-08,
        6.1210666461312e-21,
        3.3057478171438204e-19,
        2.03327882434378e-14,
        1.99158706923634e-10,
        1.24498818095997e-08,
        2.32880562005515e-07,
        2.40042745426763e-14,
        0.0006522083068555,
        2.04250680580201e-06,
        1.90627104209438e-10,
        1.57929918360842e-07,
        8.71566376090505e-10,
        1.3154610183336e-05,
        4.80428661509199e-18,
        4.2942796258213e-07,
        2.88601688019757e-14
    ],
    "B_pval_x": [
        3.07991628884783e-09,
        5.453617498837401e-10,
        6.56735896741201e-11,
        7.31321709656316e-06,
        2.45588310651042e-07,
        2.57320759231162e-10,
        3.38669331022099e-07,
        6.90624641292787e-10,
        3.8715973080909004e-10,
        7.45187255421508e-07,
        1.35737511008138e-11,
        1.80810767637549e-08,
        1.40343144351688e-11,
        1.7493028163504102e-19,
        4.15519826225289e-08
    ],
    "B_pval_y": [
        1.41498577666429e-05,
        7.63421999091378e-07,
        7.99620836559052e-06,
        0.0004882005624719,
        0.0002597329661354,
        2.14935908267348e-07,
        2.50565182722528e-05,
        7.26303074793548e-07,
        2.14719854530039e-06,
        0.0002369245788953,
        8.8065702392589e-05,
        0.0007538190805928,
        1.3154610183336e-05,
        0.0002448302371724,
        2.58124086679023e-05
    ],