{
    "A": [
        "EF.peg.658",
        "EF.peg.481",
        "EF.peg.1803",
        "EF.peg.2546",
        "EF.peg.841",
        "EF.peg.2437",
        "EF.peg.2473",
        "EF.peg.1550",
        "EF.peg.871",
        "EF.peg.988",
        "EF.peg.111",
        "EF.peg.2521",
        "EF.peg.2637",
        "EF.peg.2531",
        "EF.peg.126",
        "EF.peg.2554",
        "EF.peg.634",
        "EF.peg.1538",
        "EF.peg.1877",
        "EF.peg.635",
        "EF.peg.882",
        "EF.peg.887",
        "EF.peg.995"
    ],
    "B": [
        "EF.peg.473"
    ],
    "C": [],
    "D": [],
    "E": [],
    "A_x": [
        -9.41535763712579,
        -9.44154502300853,
        -9.08591282315135,
        -4.74888258734612,
        -4.37476580241113,
        -9.68043141798683,
        -11.2845864951124,
        -10.8386655250757,
        -10.0456305674809,
        -4.09157039225395,
        -9.26548387813925,
        -9.35086428221858,
        -5.68585520758977,
        -10.186348827755,
        -10.1763114004432,
        -9.59020275911229,
        -6.38538002592844,
        -4.29560680878606,
        -4.43706246480142,
        -6.59762508231055,
        -4.30346226900279,
        -8.42323076248182,
        -4.87184056894252
    ],
    "B_x": [
        -4.27163969204536
    ],
    "C_x": [],
    "D_x": [],
    "E_x": [],
    "A_y": [
        -9.41535763712579,
        -9.44154502300853,
        -9.08591282315135,
        -4.80175797988587,
        -4.42744288718754,
        -9.68043141798683,
        -11.2845864951124,
        -10.8386655250757,
        -10.0456305674809,
        -4.51311739729148,
        -9.26548387813925,
        -9.35086428221858,
        -5.73881239175907,
        -10.186348827755,
        -10.1763114004432,
        -9.59020275911229,
        -6.43976500536428,
        -4.28193334267524,
        -4.48970625876572,
        -5.88590943434035,
        -4.35610606296709,
        -8.42323076248182,
        -4.92467922709572
    ],
    "B_y": [
        -3.61069062176419
    ],
    "C_y": [],
    "D_y": [],
    "E_y": [],
    "A_pval_x": [
        3.51854546057974e-08,
        2.45588310651042e-07,
        5.08315625136645e-07,
        7.31321709656316e-06,
        0.0003522420896682,
        6.27060153507137e-08,
        5.453617498837401e-10,
        3.15887901895228e-10,
        5.56220948348046e-10,
        4.37448544663117e-05,
        5.15479729356858e-07,
        7.45187255421508e-07,
        1.2624861977829e-08,
        4.68773094199344e-10,
        2.33198447782789e-10,
        4.5731388838682e-09,
        1.31620168317874e-08,
        4.2021709461747e-06,
        0.0003949929625253,
        5.23915741718697e-08,
        0.0001799497582105,
        3.53411660103209e-05,
        2.22080786858708e-06
    ],
    "A_pval_y": [
        3.61705450848659e-07,
        1.6641309174032e-06,
        3.48818260559118e-06,
        1.68237619156557e-05,
        0.0007630910587842,
        4.99825630205932e-07,
        4.87795361138368e-09,
        3.44170795953831e-09,
        8.730040879723012e-09,
        1.3154610183336e-05,
        3.26281269366891e-06,
        4.17088404201611e-06,
        4.58795015007203e-08,
        6.5346303863923e-09,
        3.618195194505369e-09,
        6.07399832881554e-08,
        1.79462131399254e-08,
        7.3956805092264e-06,
        0.0008452533360344,
        8.45283427000154e-07,
        0.0004316469137186,
        0.0001646343622969,
        5.71430747785513e-06
    ],
    "B_pval_x": [
        4.02917676929588e-05
    ],
    "B_pval_y": [
        0.0006044576155681
    ],
    "C_pval_x": [],
    "C_pval_y": [],
    "D_pval_x": [],
    "D_pval_y": [],
    "E_pval_x": [],
    "E_pval_y": [],
    "M": [
        "EF.peg.989",
        "EF.peg.2355",
        "EF.peg.2316",
        "EF.peg.2250"
    ],
    "S": [],
    "R": [],
    "M_x": [
        -2.85087661309325,
        -3.77240711311955,
        -3.58184122712594,
        -3.06940862236252
    ],
    "S_x": [],
    "R_x": [],
    "M_y": [
        -3.85754508934071,
        -3.20775573443245,
        -3.91210153887707,
        -3.1239281328504
    ],
    "S_y": [],
    "R_y": [],
    "M_pval_x": [
        0.0007208606443386,
        2.41807380531621e-05,
        0.0003241108759052,
        0.0003309128851325
    ],
    "M_pval_y": [
        1.78156818977358e-05,
        0.0003997140120423,
        0.0001550877814177,
        0.0004010993093173
    ],
    "S_pval_x": [],
    "S_pval_y": [],
    "R_pval_x": [],
    "R_pval_y": [],
    "COLORS": [
        "turquoise",
        "crimson",
        "orangered",
        "navy",
        "greenyellow"
    ],
    "params": {
        "FC cond x": "V2A_t90_logFC",
        "FC cond y": "AgXX_t90_logFC",
        "padj cond x": "V2A_t90_padj",
        "padj cond y": "AgXX_t90_padj",
        "incl aver": true,
        "base_dir": "D:/GED_VIS_PROJECT/Dataset7_REDO",
        "filename": "out.csv",
        "zscore": false,
        "Treatment1 name": "V2A_t90",
        "Treatment2 name": "AgXX_t90",
        "Control name": "Ctrl",
        "fig_size": 10,
        "save_dir": "D:/GED_VIS_PROJECT/Dataset7_REDO/Scorecard_FULL",
        "colors": [
            "turquoise",
            "crimson",
            "orangered",
            "navy",
            "greenyellow"
        ],
        "other_colors": [
            "lavenderblush",
            "mistyrose",
            "plum"
        ],
        "th_fold_change": 2,
        "th_significance": 0.001,
        "font_size_quadrants": 8,
        "font_size_examples": 16,
        "marker_trasp": [
            0.95,
            0.8,
            0.65,
            0.45
        ],
        "rect_trasp": [
            0.25,
            0.15,
            0.4
        ],
        "rect_colors": [
            "silver",
            "lightgrey",
            "darkgrey"
        ],
        "markers": [
            "o",
            "^",
            "s",
            "*",
            "X",
            "p",
            "."
        ],
        "markers_sizes": [
            14,
            12,
            10,
            8
        ],
        "is_example": false,
        "use_notation": true,
        "gene_name": "GN",
        "multiplication factor": 2,
        "CSV delimiter": ",",
        "Log Epsilon": 1e-10,
        "Scorecard title": "Nosocomial Ent. faec. under metal stress",
        "labels font size": 18,
        "Total entries": 3025,
        "Quadrant entries": 1296
    }
}