{
    "A": [
        "EF.peg.992",
        "EF.peg.1895",
        "EF.peg.702",
        "EF.peg.2211",
        "EF.peg.2368",
        "EF.peg.701",
        "EF.peg.1894",
        "EF.peg.1893",
        "EF.peg.2367"
    ],
    "B": [
        "EF.peg.3040",
        "EF.peg.3041",
        "EF.peg.540",
        "EF.peg.2991",
        "EF.peg.697",
        "EF.peg.703",
        "EF.peg.2173",
        "EF.peg.699",
        "EF.peg.330",
        "EF.peg.698",
        "EF.peg.1892"
    ],
    "C": [
        "EF.peg.2212"
    ],
    "D": [],
    "E": [],
    "A_x": [
        7.32603823813384,
        8.23075380037907,
        9.10103857709793,
        8.4856969786649,
        6.48550575109448,
        8.8058867047155,
        9.52348230359389,
        8.40633102726289,
        6.32929727554989
    ],
    "B_x": [
        6.77650928419798,
        7.73232829893157,
        6.54030843598373,
        7.42704347806436,
        6.50809457410188,
        6.61516768429853,
        6.33734503517374,
        6.48078610452098,
        8.13632271550426,
        6.65418548400522,
        7.0718901711553
    ],
    "C_x": [
        5.38761203912956
    ],
    "D_x": [],
    "E_x": [],
    "A_y": [
        8.23342173213536,
        6.80443734948509,
        6.73309994138357,
        8.41579341785877,
        7.15360473728135,
        6.91372696122845,
        8.17109452787116,
        7.36101971806454,
        6.81230768244523
    ],
    "B_y": [
        4.904131086917,
        5.67780922954369,
        4.23747865546265,
        3.94076981022754,
        4.57004058058248,
        3.74109091848129,
        4.718308554055,
        5.11477344413235,
        3.89558832068249,
        4.77923131041491,
        6.17678982360342
    ],
    "C_y": [
        6.84080285982122
    ],
    "D_y": [],
    "E_y": [],
    "A_pval_x": [
        5.22895504051085e-06,
        9.1275864330564e-14,
        2.35212409773234e-21,
        1.42724382005713e-18,
        4.98738602025787e-17,
        2.35212409773234e-21,
        9.80753036615439e-28,
        4.96601048785949e-24,
        3.04450168014128e-16
    ],
    "A_pval_y": [
        5.57884081367706e-08,
        2.96865868006815e-10,
        2.4042837124111198e-11,
        4.80428661509199e-18,
        2.1149934941273304e-19,
        3.62875990174356e-13,
        6.1210666461312e-21,
        3.3057478171438204e-19,
        4.80428661509199e-18
    ],
    "B_pval_x": [
        5.43293081791552e-18,
        4.20696811170848e-20,
        7.548118793060439e-13,
        9.87959618588318e-19,
        1.6730592551080402e-15,
        1.25658447771646e-16,
        1.65393860480334e-14,
        2.55797765441055e-16,
        9.473595087177172e-20,
        5.47511453222616e-14,
        2.79566684408545e-18
    ],
    "B_pval_y": [
        2.14950551103318e-10,
        2.27734821228811e-12,
        2.04250680580201e-06,
        7.63421999091378e-07,
        9.38582778794687e-08,
        7.99620836559052e-06,
        4.34535709613574e-08,
        1.99158706923634e-10,
        0.0002448302371724,
        4.2942796258213e-07,
        2.88601688019757e-14
    ],
    "C_pval_x": [
        1.15297941662916e-06
    ],
    "C_pval_y": [
        3.01647452602164e-11
    ],
    "D_pval_x": [],
    "D_pval_y": [],
    "E_pval_x": [],
    "E_pval_y": [],
    "COLORS": [
        "turquoise",
        "crimson",
        "orangered",
        "navy",
        "greenyellow"
    ],
    "params": {
        "FC cond x": "Ag_t90_logFC",
        "FC cond y": "AgXX_t90_logFC",
        "padj cond x": "Ag_t90_padj",
        "padj cond y": "AgXX_t90_padj",
        "incl aver": false,
        "base_dir": "D:/GED_VIS_PROJECT/Dataset7_REDO",
        "filename": "out.csv",
        "zscore": false,
        "Treatment1 name": "Ag_t90",
        "Treatment2 name": "AgXX_t90",
        "Control name": "Ctrl",
        "fig_size": 10,
        "save_dir": "D:/GED_VIS_PROJECT/Dataset7_REDO/Scorecard_STANDARD",
        "colors": [
            "turquoise",
            "crimson",
            "orangered",
            "navy",
            "greenyellow"
        ],
        "other_colors": [
            "lavenderblush",
            "mistyrose",
            "plum"
        ],
        "th_fold_change": 2.5,
        "th_significance": 0.001,
        "font_size_quadrants": 8,
        "font_size_examples": 16,
        "marker_trasp": [
            0.95,
            0.8,
            0.65,
            0.45
        ],
        "rect_trasp": [
            0.25,
            0.15,
            0.4
        ],
        "rect_colors": [
            "silver",
            "lightgrey",
            "darkgrey"
        ],
        "markers": [
            "o",
            "^",
            "s",
            "*",
            "X",
            "p",
            "."
        ],
        "markers_sizes": [
            14,
            12,
            10,
            8
        ],
        "is_example": false,
        "use_notation": true,
        "gene_name": "GN",
        "multiplication factor": 2.5,
        "CSV delimiter": ",",
        "Log Epsilon": 1e-10,
        "Scorecard title": "Nosocomial Ent. faec. under metal stress",
        "labels font size": 18,
        "Total entries": 3025,
        "Quadrant entries": 1028
    }
}