{
    "A": [
        "EF.peg.2124",
        "EF.peg.2437",
        "EF.peg.1550",
        "EF.peg.871",
        "EF.peg.620",
        "EF.peg.2521",
        "EF.peg.126",
        "EF.peg.452",
        "EF.peg.1458",
        "EF.peg.243",
        "EF.peg.1219",
        "EF.peg.1074",
        "EF.peg.3070"
    ],
    "B": [
        "EF.peg.841",
        "EF.peg.635"
    ],
    "C": [
        "EF.peg.634"
    ],
    "D": [],
    "E": [],
    "A_x": [
        -10.0538592801583,
        -9.68043141798683,
        -10.8386655250757,
        -10.0456305674809,
        -10.5754207579798,
        -9.35086428221858,
        -10.1763114004432,
        -8.40670726776575,
        -12.1849660493722,
        -8.23495415252394,
        -8.67693530945365,
        -9.96205469881675,
        -9.43124325625807
    ],
    "B_x": [
        -9.23983687904084,
        -6.26995161371926
    ],
    "C_x": [
        -6.24457234766386
    ],
    "D_x": [],
    "E_x": [],
    "A_y": [
        -10.0538592801583,
        -9.68043141798683,
        -10.8386655250757,
        -10.0456305674809,
        -10.5754207579798,
        -9.35086428221858,
        -10.1763114004432,
        -8.40670726776575,
        -12.1849660493722,
        -8.23495415252394,
        -8.67693530945365,
        -9.96205469881676,
        -9.43124325625807
    ],
    "B_y": [
        -4.42744288718754,
        -5.88590943434035
    ],
    "C_y": [
        -6.43976500536428
    ],
    "D_y": [],
    "E_y": [],
    "A_pval_x": [
        3.53540217708662e-09,
        1.82327330153469e-07,
        9.62476474474313e-10,
        2.32459018235855e-09,
        2.19190931797274e-10,
        1.60261924565617e-06,
        9.48461748575939e-10,
        1.26553976312161e-05,
        1.61701991325388e-12,
        3.77528653910057e-05,
        1.54387961077123e-05,
        0.0001952065867995,
        3.65345551666212e-08
    ],
    "A_pval_y": [
        1.27239488555768e-08,
        4.99825630205932e-07,
        3.44170795953831e-09,
        8.730040879723012e-09,
        8.71566376090505e-10,
        4.17088404201611e-06,
        3.618195194505369e-09,
        3.59638395159805e-05,
        8.99264614579922e-12,
        0.0001069328340633,
        4.2555673139027e-05,
        0.0004453712175081,
        1.16995569192581e-07
    ],
    "B_pval_x": [
        2.10133353930278e-06,
        1.7852551046e-07
    ],
    "B_pval_y": [
        0.0007630910587842,
        8.45283427000154e-07
    ],
    "C_pval_x": [
        2.09153290954629e-08
    ],
    "C_pval_y": [
        1.79462131399254e-08
    ],
    "D_pval_x": [],
    "D_pval_y": [],
    "E_pval_x": [],
    "E_pval_y": [],
    "COLORS": [
        "turquoise",
        "crimson",
        "orangered",
        "navy",
        "greenyellow"
    ],
    "params": {
        "FC cond x": "Ag_t90_logFC",
        "FC cond y": "AgXX_t90_logFC",
        "padj cond x": "Ag_t90_padj",
        "padj cond y": "AgXX_t90_padj",
        "incl aver": false,
        "base_dir": "D:/GED_VIS_PROJECT/Dataset7_REDO",
        "filename": "out.csv",
        "zscore": false,
        "Treatment1 name": "Ag_t90",
        "Treatment2 name": "AgXX_t90",
        "Control name": "Ctrl",
        "fig_size": 10,
        "save_dir": "D:/GED_VIS_PROJECT/Dataset7_REDO/Scorecard_STANDARD",
        "colors": [
            "turquoise",
            "crimson",
            "orangered",
            "navy",
            "greenyellow"
        ],
        "other_colors": [
            "lavenderblush",
            "mistyrose",
            "plum"
        ],
        "th_fold_change": 2.5,
        "th_significance": 0.001,
        "font_size_quadrants": 8,
        "font_size_examples": 16,
        "marker_trasp": [
            0.95,
            0.8,
            0.65,
            0.45
        ],
        "rect_trasp": [
            0.25,
            0.15,
            0.4
        ],
        "rect_colors": [
            "silver",
            "lightgrey",
            "darkgrey"
        ],
        "markers": [
            "o",
            "^",
            "s",
            "*",
            "X",
            "p",
            "."
        ],
        "markers_sizes": [
            14,
            12,
            10,
            8
        ],
        "is_example": false,
        "use_notation": true,
        "gene_name": "GN",
        "multiplication factor": 2.5,
        "CSV delimiter": ",",
        "Log Epsilon": 1e-10,
        "Scorecard title": "Nosocomial Ent. faec. under metal stress",
        "labels font size": 18,
        "Total entries": 3025,
        "Quadrant entries": 1230
    }
}