{
    "A": [
        "EF.peg.658",
        "EF.peg.481",
        "EF.peg.1803",
        "EF.peg.2437",
        "EF.peg.2473",
        "EF.peg.1550",
        "EF.peg.871",
        "EF.peg.111",
        "EF.peg.2521",
        "EF.peg.2531",
        "EF.peg.126",
        "EF.peg.2554",
        "EF.peg.634",
        "EF.peg.887"
    ],
    "B": [
        "EF.peg.635"
    ],
    "C": [],
    "D": [],
    "E": [],
    "A_x": [
        -9.41535763712579,
        -9.44154502300853,
        -9.08591282315135,
        -9.68043141798683,
        -11.2845864951124,
        -10.8386655250757,
        -10.0456305674809,
        -9.26548387813925,
        -9.35086428221858,
        -10.186348827755,
        -10.1763114004432,
        -9.59020275911229,
        -6.38538002592844,
        -8.42323076248182
    ],
    "B_x": [
        -6.59762508231055
    ],
    "C_x": [],
    "D_x": [],
    "E_x": [],
    "A_y": [
        -9.41535763712579,
        -9.44154502300853,
        -9.08591282315135,
        -9.68043141798683,
        -11.2845864951124,
        -10.8386655250757,
        -10.0456305674809,
        -9.26548387813925,
        -9.35086428221858,
        -10.186348827755,
        -10.1763114004432,
        -9.59020275911229,
        -6.43976500536428,
        -8.42323076248182
    ],
    "B_y": [
        -5.88590943434035
    ],
    "C_y": [],
    "D_y": [],
    "E_y": [],
    "A_pval_x": [
        3.51854546057974e-08,
        2.45588310651042e-07,
        5.08315625136645e-07,
        6.27060153507137e-08,
        5.453617498837401e-10,
        3.15887901895228e-10,
        5.56220948348046e-10,
        5.15479729356858e-07,
        7.45187255421508e-07,
        4.68773094199344e-10,
        2.33198447782789e-10,
        4.5731388838682e-09,
        1.31620168317874e-08,
        3.53411660103209e-05
    ],
    "A_pval_y": [
        3.61705450848659e-07,
        1.6641309174032e-06,
        3.48818260559118e-06,
        4.99825630205932e-07,
        4.87795361138368e-09,
        3.44170795953831e-09,
        8.730040879723012e-09,
        3.26281269366891e-06,
        4.17088404201611e-06,
        6.5346303863923e-09,
        3.618195194505369e-09,
        6.07399832881554e-08,
        1.79462131399254e-08,
        0.0001646343622969
    ],
    "B_pval_x": [
        5.23915741718697e-08
    ],
    "B_pval_y": [
        8.45283427000154e-07
    ],
    "C_pval_x": [],
    "C_pval_y": [],
    "D_pval_x": [],
    "D_pval_y": [],
    "E_pval_x": [],
    "E_pval_y": [],
    "COLORS": [
        "turquoise",
        "crimson",
        "orangered",
        "navy",
        "greenyellow"
    ],
    "params": {
        "FC cond x": "V2A_t90_logFC",
        "FC cond y": "AgXX_t90_logFC",
        "padj cond x": "V2A_t90_padj",
        "padj cond y": "AgXX_t90_padj",
        "incl aver": false,
        "base_dir": "D:/GED_VIS_PROJECT/Dataset7_REDO",
        "filename": "out.csv",
        "zscore": false,
        "Treatment1 name": "V2A_t90",
        "Treatment2 name": "AgXX_t90",
        "Control name": "Ctrl",
        "fig_size": 10,
        "save_dir": "D:/GED_VIS_PROJECT/Dataset7_REDO/Scorecard_STANDARD",
        "colors": [
            "turquoise",
            "crimson",
            "orangered",
            "navy",
            "greenyellow"
        ],
        "other_colors": [
            "lavenderblush",
            "mistyrose",
            "plum"
        ],
        "th_fold_change": 2.5,
        "th_significance": 0.001,
        "font_size_quadrants": 8,
        "font_size_examples": 16,
        "marker_trasp": [
            0.95,
            0.8,
            0.65,
            0.45
        ],
        "rect_trasp": [
            0.25,
            0.15,
            0.4
        ],
        "rect_colors": [
            "silver",
            "lightgrey",
            "darkgrey"
        ],
        "markers": [
            "o",
            "^",
            "s",
            "*",
            "X",
            "p",
            "."
        ],
        "markers_sizes": [
            14,
            12,
            10,
            8
        ],
        "is_example": false,
        "use_notation": true,
        "gene_name": "GN",
        "multiplication factor": 2.5,
        "CSV delimiter": ",",
        "Log Epsilon": 1e-10,
        "Scorecard title": "Nosocomial Ent. faec. under metal stress",
        "labels font size": 18,
        "Total entries": 3025,
        "Quadrant entries": 1296
    }
}