{
    "A": [
        "EF.peg.992",
        "EF.peg.1895",
        "EF.peg.702",
        "EF.peg.2211",
        "EF.peg.2368",
        "EF.peg.701",
        "EF.peg.1894",
        "EF.peg.1893",
        "EF.peg.2367"
    ],
    "B": [
        "EF.peg.540",
        "EF.peg.809",
        "EF.peg.699",
        "EF.peg.330",
        "EF.peg.698"
    ],
    "C": [
        "EF.peg.951",
        "EF.peg.2212"
    ],
    "D": [],
    "E": [],
    "A_x": [
        8.28782916633502,
        7.64165392390978,
        8.34115428581853,
        8.33960393805231,
        7.53420218133286,
        7.83088015488589,
        8.81860510477477,
        7.5769183267985,
        7.05347467385705
    ],
    "B_x": [
        6.42349691606271,
        6.4638389188702,
        6.48867985046798,
        8.08764119053699,
        6.60762646411634
    ],
    "C_x": [
        3.03408085176327,
        6.01033284970366
    ],
    "D_x": [],
    "E_x": [],
    "A_y": [
        8.23342173213536,
        6.80443734948509,
        6.73309994138357,
        8.41579341785877,
        7.15360473728135,
        6.91372696122845,
        8.17109452787116,
        7.36101971806454,
        6.81230768244523
    ],
    "B_y": [
        4.23747865546265,
        6.00114984636381,
        5.11477344413235,
        3.89558832068249,
        4.77923131041491
    ],
    "C_y": [
        6.97313519150344,
        6.84080285982122
    ],
    "D_y": [],
    "E_y": [],
    "A_pval_x": [
        2.0622580865094e-08,
        3.21917224161107e-12,
        2.78774452296951e-18,
        5.6278575722441096e-18,
        3.16232496681541e-21,
        2.49318344108693e-17,
        3.37165373548691e-24,
        2.76499587973168e-20,
        2.14618311877996e-19
    ],
    "A_pval_y": [
        5.57884081367706e-08,
        2.96865868006815e-10,
        2.4042837124111198e-11,
        4.80428661509199e-18,
        2.1149934941273304e-19,
        3.62875990174356e-13,
        6.1210666461312e-21,
        3.3057478171438204e-19,
        4.80428661509199e-18
    ],
    "B_pval_x": [
        2.68428524969306e-12,
        1.9289143442839e-13,
        2.51834635939589e-16,
        1.7493028163504102e-19,
        1.13896401400121e-13
    ],
    "B_pval_y": [
        2.04250680580201e-06,
        1.54185919526481e-11,
        1.99158706923634e-10,
        0.0002448302371724,
        4.2942796258213e-07
    ],
    "C_pval_x": [
        0.0007136365227397,
        1.15772737786185e-08
    ],
    "C_pval_y": [
        8.31566800804796e-15,
        3.01647452602164e-11
    ],
    "D_pval_x": [],
    "D_pval_y": [],
    "E_pval_x": [],
    "E_pval_y": [],
    "COLORS": [
        "turquoise",
        "crimson",
        "orangered",
        "navy",
        "greenyellow"
    ],
    "params": {
        "FC cond x": "V2A_t90_logFC",
        "FC cond y": "AgXX_t90_logFC",
        "padj cond x": "V2A_t90_padj",
        "padj cond y": "AgXX_t90_padj",
        "incl aver": false,
        "base_dir": "D:/GED_VIS_PROJECT/Dataset7_REDO",
        "filename": "out.csv",
        "zscore": false,
        "Treatment1 name": "V2A_t90",
        "Treatment2 name": "AgXX_t90",
        "Control name": "Ctrl",
        "fig_size": 10,
        "save_dir": "D:/GED_VIS_PROJECT/Dataset7_REDO/Scorecard_STANDARD",
        "colors": [
            "turquoise",
            "crimson",
            "orangered",
            "navy",
            "greenyellow"
        ],
        "other_colors": [
            "lavenderblush",
            "mistyrose",
            "plum"
        ],
        "th_fold_change": 2.5,
        "th_significance": 0.001,
        "font_size_quadrants": 8,
        "font_size_examples": 16,
        "marker_trasp": [
            0.95,
            0.8,
            0.65,
            0.45
        ],
        "rect_trasp": [
            0.25,
            0.15,
            0.4
        ],
        "rect_colors": [
            "silver",
            "lightgrey",
            "darkgrey"
        ],
        "markers": [
            "o",
            "^",
            "s",
            "*",
            "X",
            "p",
            "."
        ],
        "markers_sizes": [
            14,
            12,
            10,
            8
        ],
        "is_example": false,
        "use_notation": true,
        "gene_name": "GN",
        "multiplication factor": 2.5,
        "CSV delimiter": ",",
        "Log Epsilon": 1e-10,
        "Scorecard title": "Nosocomial Ent. faec. under metal stress",
        "labels font size": 18,
        "Total entries": 3025,
        "Quadrant entries": 1054
    }
}