{
    "A": [
        "SA_RS03110"
    ],
    "B": [
        "SA_RS14740",
        "SA_RS09770",
        "Novel00428",
        "Novel00429",
        "SA_RS13430"
    ],
    "C": [
        "SA_RS09835"
    ],
    "D": [
        "Novel00071",
        "Novel00072",
        "SA_RS03400",
        "SA_RS08310",
        "SA_RS08315",
        "SA_RS12670"
    ],
    "E": [],
    "A_x": [
        7.531558909
    ],
    "B_x": [
        4.075106543,
        3.022711319,
        3.398817353,
        4.34027804,
        8.080887494
    ],
    "C_x": [
        2.292277182
    ],
    "D_x": [
        6.820655507,
        5.700700883,
        3.285530282,
        4.801510095,
        5.648001446,
        4.619140535
    ],
    "E_x": [],
    "A_y": [
        3.46499388
    ],
    "B_y": [
        2.419379212,
        2.403835991,
        2.784403463,
        2.587822615,
        2.03898173
    ],
    "C_y": [
        3.487644051
    ],
    "D_y": [
        1.934213439,
        1.363196775,
        1.866028769,
        1.582373633,
        1.547552845,
        1.097085228
    ],
    "E_y": [],
    "A_pval_x": [
        2.7699999999999996e-23
    ],
    "A_pval_y": [
        4.33e-11
    ],
    "B_pval_x": [
        3.83e-06,
        0.001970881,
        0.00025473,
        0.001492355,
        2.97e-25
    ],
    "B_pval_y": [
        0.000651682,
        0.001265909,
        3.72e-05,
        0.000905244,
        0.000969054
    ],
    "C_pval_x": [
        0.000409019
    ],
    "C_pval_y": [
        5.09e-17
    ],
    "D_pval_x": [
        7.49e-15,
        2.12e-07,
        1.31e-06,
        2.12e-07,
        8.27e-16,
        1.56e-08
    ],
    "D_pval_y": [
        0.000301959,
        0.049158512,
        0.000126263,
        0.00891829,
        0.008762649,
        0.001148846
    ],
    "E_pval_x": [],
    "E_pval_y": [],
    "COLORS": [
        "goldenrod",
        "limegreen",
        "dodgerblue",
        "sandybrown",
        "crimson"
    ],
    "params": {
        "FC cond x": "OxvsCmpd8_log2FoldChange",
        "FC cond y": "Lor_OxvsLor_log2FoldChange",
        "padj cond x": "OxvsCmpd8_padj",
        "padj cond y": "Lor_OxvsLor_padj",
        "incl aver": false,
        "base_dir": "D:/GED_VIS_PROJECT/Dataset3_REDO",
        "filename": "USA100_comp.CSV",
        "zscore": false,
        "Treatment1 name": "OxvsCmpd8",
        "Treatment2 name": "Lor_OxvsLor",
        "Control name": "Un",
        "fig_size": 10,
        "save_dir": "D:/GED_VIS_PROJECT/Dataset3_REDO/Scorecard_STANDARD",
        "colors": [
            "goldenrod",
            "limegreen",
            "dodgerblue",
            "sandybrown",
            "crimson"
        ],
        "other_colors": [
            "darkcyan",
            "indigo",
            "orangered"
        ],
        "th_fold_change": 2,
        "th_significance": 0.05,
        "font_size_quadrants": 8,
        "font_size_examples": 16,
        "marker_trasp": [
            0.95,
            0.8,
            0.65,
            0.45
        ],
        "rect_trasp": [
            0.25,
            0.15,
            0.4
        ],
        "rect_colors": [
            "silver",
            "lightgrey",
            "darkgrey"
        ],
        "markers": [
            "o",
            "^",
            "s",
            "*",
            "X",
            "p",
            "."
        ],
        "markers_sizes": [
            14,
            12,
            10,
            8
        ],
        "is_example": false,
        "use_notation": false,
        "gene_name": "gene_id",
        "multiplication factor": 1.5,
        "CSV delimiter": ";",
        "Log Epsilon": 1e-10,
        "Scorecard title": "MRSA USA100 cultures",
        "labels font size": 18,
        "Total entries": 3157,
        "Quadrant entries": 914
    }
}