{
    "A": [
        "SA_RS14495",
        "SA_RS15065",
        "SA_RS05795",
        "SA_RS05800",
        "SA_RS12530",
        "SA_RS12540"
    ],
    "B": [
        "SA_RS01280",
        "SA_RS03250",
        "SA_RS12490",
        "SA_RS12520",
        "SA_RS12535",
        "SA_RS12545",
        "SA_RS12550"
    ],
    "C": [
        "SA_RS12195"
    ],
    "D": [],
    "E": [],
    "A_x": [
        -4.075633414,
        -3.972646005,
        -5.085903236,
        -5.311648371,
        -4.557942953,
        -3.878806645
    ],
    "B_x": [
        -3.116030536,
        -3.394207878,
        -4.173158998,
        -3.3991351,
        -3.607661311,
        -3.245177849,
        -3.543458584
    ],
    "C_x": [
        -2.094578658
    ],
    "D_x": [],
    "E_x": [],
    "A_y": [
        -3.392247593,
        -3.304489588,
        -3.96496558,
        -4.17523166,
        -4.115838042,
        -3.541444587
    ],
    "B_y": [
        -2.671119479,
        -2.310260661,
        -2.059582054,
        -2.962225412,
        -2.595555263,
        -2.668853351,
        -2.414056618
    ],
    "C_y": [
        -3.974569075
    ],
    "D_y": [],
    "E_y": [],
    "A_pval_x": [
        0.000526461,
        0.001747017,
        7.77e-06,
        8.27e-07,
        5.13e-17,
        0.000153205
    ],
    "A_pval_y": [
        0.004795206,
        0.011309572,
        0.000434649,
        0.000197242,
        3.6e-05,
        0.0085539
    ],
    "B_pval_x": [
        1.07e-14,
        6.19e-12,
        2e-15,
        9.55e-12,
        6.19e-06,
        0.001346635,
        3e-08
    ],
    "B_pval_y": [
        1.28e-10,
        4.77e-08,
        0.007155187,
        0.001976678,
        0.008025173,
        0.020856679,
        0.000830272
    ],
    "C_pval_x": [
        0.035219778
    ],
    "C_pval_y": [
        0.000372369
    ],
    "D_pval_x": [],
    "D_pval_y": [],
    "E_pval_x": [],
    "E_pval_y": [],
    "COLORS": [
        "goldenrod",
        "limegreen",
        "dodgerblue",
        "sandybrown",
        "crimson"
    ],
    "params": {
        "FC cond x": "Lor_OxvsOx_log2FoldChange",
        "FC cond y": "Lor_OxvsCmpd8_log2FoldChange",
        "padj cond x": "Lor_OxvsOx_padj",
        "padj cond y": "Lor_OxvsCmpd8_padj",
        "incl aver": false,
        "base_dir": "D:/GED_VIS_PROJECT/Dataset3_REDO",
        "filename": "USA100_comp.CSV",
        "zscore": false,
        "Treatment1 name": "Lor_OxvsOx",
        "Treatment2 name": "Lor_OxvsCmpd8",
        "Control name": "Un",
        "fig_size": 10,
        "save_dir": "D:/GED_VIS_PROJECT/Dataset3_REDO/Scorecard_STANDARD",
        "colors": [
            "goldenrod",
            "limegreen",
            "dodgerblue",
            "sandybrown",
            "crimson"
        ],
        "other_colors": [
            "darkcyan",
            "indigo",
            "orangered"
        ],
        "th_fold_change": 2,
        "th_significance": 0.05,
        "font_size_quadrants": 8,
        "font_size_examples": 16,
        "marker_trasp": [
            0.95,
            0.8,
            0.65,
            0.45
        ],
        "rect_trasp": [
            0.25,
            0.15,
            0.4
        ],
        "rect_colors": [
            "silver",
            "lightgrey",
            "darkgrey"
        ],
        "markers": [
            "o",
            "^",
            "s",
            "*",
            "X",
            "p",
            "."
        ],
        "markers_sizes": [
            14,
            12,
            10,
            8
        ],
        "is_example": false,
        "use_notation": false,
        "gene_name": "gene_id",
        "multiplication factor": 1.5,
        "CSV delimiter": ";",
        "Log Epsilon": 1e-10,
        "Scorecard title": "MRSA USA100 cultures",
        "labels font size": 18,
        "Total entries": 3166,
        "Quadrant entries": 1265
    }
}