{
    "A": [
        "EF.peg.992",
        "EF.peg.1895",
        "EF.peg.3040",
        "EF.peg.3041",
        "EF.peg.540",
        "EF.peg.2172",
        "EF.peg.2213",
        "EF.peg.702",
        "EF.peg.2211",
        "EF.peg.2368",
        "EF.peg.629",
        "EF.peg.697",
        "EF.peg.701",
        "EF.peg.2173",
        "EF.peg.2215",
        "EF.peg.2212",
        "EF.peg.970",
        "EF.peg.3039",
        "EF.peg.1894",
        "EF.peg.1893",
        "EF.peg.2180",
        "EF.peg.699",
        "EF.peg.2364",
        "EF.peg.1171",
        "EF.peg.124",
        "EF.peg.741",
        "EF.peg.2374",
        "EF.peg.1901",
        "EF.peg.377",
        "EF.peg.2176",
        "EF.peg.2367",
        "EF.peg.698",
        "EF.peg.1892"
    ],
    "B": [
        "EF.peg.1982",
        "EF.peg.2991",
        "EF.peg.1983",
        "EF.peg.703",
        "EF.peg.1980",
        "EF.peg.2375",
        "EF.peg.700",
        "EF.peg.1970",
        "EF.peg.1924",
        "EF.peg.55",
        "EF.peg.696",
        "EF.peg.330",
        "EF.peg.2174"
    ],
    "C": [
        "EF.peg.2659",
        "EF.peg.1909",
        "EF.peg.1626",
        "EF.peg.2208",
        "EF.peg.607",
        "EF.peg.807",
        "EF.peg.1410",
        "EF.peg.2214"
    ],
    "D": [],
    "E": [],
    "A_x": [
        7.32603823813384,
        8.23075380037907,
        6.77650928419798,
        7.73232829893157,
        6.54030843598373,
        5.73830786792987,
        5.65384059674705,
        9.10103857709793,
        8.4856969786649,
        6.48550575109448,
        6.1437385047976,
        6.50809457410188,
        8.8058867047155,
        6.33734503517374,
        4.58968859373402,
        5.38761203912956,
        4.6348460545278,
        5.80574685749631,
        9.52348230359389,
        8.40633102726289,
        5.85655946182047,
        6.48078610452098,
        4.57794902898085,
        4.6485386888935,
        5.18922654186876,
        4.1984459760389,
        6.00378403371223,
        5.06962035783916,
        5.1292567692454,
        5.68684064153432,
        6.32929727554989,
        6.65418548400522,
        7.0718901711553
    ],
    "B_x": [
        4.19707155598386,
        7.42704347806436,
        4.01887945159989,
        6.61516768429853,
        5.01802082223605,
        5.09846081468445,
        4.84240796518766,
        5.32188014601103,
        4.24796000491711,
        4.69937631901319,
        5.03951962166865,
        8.13632271550426,
        4.44739859166161
    ],
    "C_x": [
        3.73653826721837,
        3.9818150790467,
        3.28583621962545,
        3.57339820654974,
        2.87125578285804,
        3.08587631430569,
        3.84415828652834,
        3.60986169311051
    ],
    "D_x": [],
    "E_x": [],
    "A_y": [
        8.23342173213536,
        6.80443734948509,
        4.904131086917,
        5.67780922954369,
        4.23747865546265,
        4.54867808251669,
        6.1287869804376,
        6.73309994138357,
        8.41579341785877,
        7.15360473728135,
        4.09076988584928,
        4.57004058058248,
        6.91372696122845,
        4.718308554055,
        6.2451699301046,
        6.84080285982122,
        5.06223719765972,
        5.36835151854609,
        8.17109452787116,
        7.36101971806454,
        5.81942339889812,
        5.11477344413235,
        4.03356529829145,
        4.69994873388249,
        5.74533514408284,
        4.27935782106597,
        4.10491535120036,
        4.93880272119178,
        4.98333800247136,
        4.27710307706871,
        6.81230768244523,
        4.77923131041491,
        6.17678982360342
    ],
    "B_y": [
        3.17154161548292,
        3.94076981022754,
        3.04309453496386,
        3.74109091848129,
        3.25563553577026,
        3.89405111289963,
        3.41830066674203,
        3.04950640560545,
        2.88708837485506,
        3.21149441180401,
        3.11305638169652,
        3.89558832068249,
        3.59820808345894
    ],
    "C_y": [
        4.05243246100986,
        4.05332829870015,
        4.38091932905832,
        4.96492838744835,
        4.14940417391161,
        4.70585520665892,
        4.57527319684089,
        4.72921528436645
    ],
    "D_y": [],
    "E_y": [],
    "A_pval_x": [
        5.22895504051085e-06,
        9.1275864330564e-14,
        5.43293081791552e-18,
        4.20696811170848e-20,
        7.548118793060439e-13,
        4.24005805216141e-13,
        1.3710153701313302e-09,
        2.35212409773234e-21,
        1.42724382005713e-18,
        4.98738602025787e-17,
        5.29447188238709e-14,
        1.6730592551080402e-15,
        2.35212409773234e-21,
        1.65393860480334e-14,
        1.17983489804119e-05,
        1.15297941662916e-06,
        1.291076159115e-09,
        5.55681744396219e-13,
        9.80753036615439e-28,
        4.96601048785949e-24,
        4.326102949744711e-15,
        2.55797765441055e-16,
        4.7554204194949193e-11,
        1.92437375407799e-07,
        1.95651556495315e-12,
        0.0004762810478959,
        5.71011133735854e-12,
        2.71484059851386e-11,
        1.59210976528893e-10,
        1.07028888203541e-10,
        3.04450168014128e-16,
        5.47511453222616e-14,
        2.79566684408545e-18
    ],
    "A_pval_y": [
        5.57884081367706e-08,
        2.96865868006815e-10,
        2.14950551103318e-10,
        2.27734821228811e-12,
        2.04250680580201e-06,
        3.39824250774291e-08,
        5.06002203545418e-11,
        2.4042837124111198e-11,
        4.80428661509199e-18,
        2.1149934941273304e-19,
        3.44109372578273e-07,
        9.38582778794687e-08,
        3.62875990174356e-13,
        4.34535709613574e-08,
        1.15639666462603e-10,
        3.01647452602164e-11,
        9.66793077105595e-11,
        3.78349827646858e-11,
        6.1210666461312e-21,
        3.3057478171438204e-19,
        2.03327882434378e-14,
        1.99158706923634e-10,
        1.24498818095997e-08,
        2.32880562005515e-07,
        2.40042745426763e-14,
        0.0006522083068555,
        2.04250680580201e-06,
        1.90627104209438e-10,
        8.71566376090505e-10,
        1.3154610183336e-05,
        4.80428661509199e-18,
        4.2942796258213e-07,
        2.88601688019757e-14
    ],
    "B_pval_x": [
        1.7113393478062e-09,
        9.87959618588318e-19,
        1.82477984299244e-08,
        1.25658447771646e-16,
        4.57574766626398e-13,
        4.19701963348197e-10,
        1.73860469253921e-08,
        5.26616766732671e-13,
        1.1585041314567e-07,
        4.40605488742088e-10,
        4.89789404821133e-13,
        9.473595087177172e-20,
        2.59062921572129e-08
    ],
    "B_pval_y": [
        1.41498577666429e-05,
        7.63421999091378e-07,
        5.54654043082866e-05,
        7.99620836559052e-06,
        5.09038534111196e-06,
        2.14719854530039e-06,
        0.0002369245788953,
        8.8065702392589e-05,
        0.0006329629639242,
        3.07948019581988e-05,
        1.3154610183336e-05,
        0.0002448302371724,
        2.58124086679023e-05
    ],
    "C_pval_x": [
        0.0007559103535625,
        0.0001542178751052,
        5.8829458148548e-06,
        0.0001671958570192,
        0.0002267899022554,
        0.0004672812838674,
        0.0005017118858812,
        0.0001620193638222
    ],
    "C_pval_y": [
        0.0003526185322916,
        0.0002093031433684,
        1.49304343971532e-09,
        1.68579493967753e-08,
        3.30574967230192e-08,
        1.85509078566912e-08,
        2.18904635471815e-05,
        1.57929918360842e-07
    ],
    "D_pval_x": [],
    "D_pval_y": [],
    "E_pval_x": [],