{
    "A": [
        "EF.peg.2124",
        "EF.peg.841",
        "EF.peg.2437",
        "EF.peg.1550",
        "EF.peg.871",
        "EF.peg.620",
        "EF.peg.2521",
        "EF.peg.2637",
        "EF.peg.126",
        "EF.peg.452",
        "EF.peg.634",
        "EF.peg.1458",
        "EF.peg.1538",
        "EF.peg.635",
        "EF.peg.243",
        "EF.peg.882",
        "EF.peg.1219",
        "EF.peg.1074",
        "EF.peg.3070",
        "EF.peg.647"
    ],
    "B": [
        "EF.peg.2355"
    ],
    "C": [],
    "D": [],
    "E": [],
    "A_x": [
        -10.0538592801583,
        -9.23983687904084,
        -9.68043141798683,
        -10.8386655250757,
        -10.0456305674809,
        -10.5754207579798,
        -9.35086428221858,
        -5.54851324034642,
        -10.1763114004432,
        -8.40670726776575,
        -6.24457234766386,
        -12.1849660493722,
        -5.05051177487834,
        -6.26995161371926,
        -8.23495415252394,
        -4.16688438691719,
        -8.67693530945365,
        -9.96205469881675,
        -9.43124325625807,
        -4.54224551905049
    ],
    "B_x": [
        -5.34749032215468
    ],
    "C_x": [],
    "D_x": [],
    "E_x": [],
    "A_y": [
        -10.0538592801583,
        -4.42744288718754,
        -9.68043141798683,
        -10.8386655250757,
        -10.0456305674809,
        -10.5754207579798,
        -9.35086428221858,
        -5.73881239175907,
        -10.1763114004432,
        -8.40670726776575,
        -6.43976500536428,
        -12.1849660493722,
        -4.28193334267524,
        -5.88590943434035,
        -8.23495415252394,
        -4.35610606296709,
        -8.67693530945365,
        -9.96205469881676,
        -9.43124325625807,
        -4.73093096973119
    ],
    "B_y": [
        -3.20775573443245
    ],
    "C_y": [],
    "D_y": [],
    "E_y": [],
    "A_pval_x": [
        3.53540217708662e-09,
        2.10133353930278e-06,
        1.82327330153469e-07,
        9.62476474474313e-10,
        2.32459018235855e-09,
        2.19190931797274e-10,
        1.60261924565617e-06,
        3.40417945262467e-08,
        9.48461748575939e-10,
        1.26553976312161e-05,
        2.09153290954629e-08,
        1.61701991325388e-12,
        2.39487178810536e-07,
        1.7852551046e-07,
        3.77528653910057e-05,
        0.0002837078679347,
        1.54387961077123e-05,
        0.0001952065867995,
        3.65345551666212e-08,
        3.05527999240842e-05
    ],
    "A_pval_y": [
        1.27239488555768e-08,
        0.0007630910587842,
        4.99825630205932e-07,
        3.44170795953831e-09,
        8.730040879723012e-09,
        8.71566376090505e-10,
        4.17088404201611e-06,
        4.58795015007203e-08,
        3.618195194505369e-09,
        3.59638395159805e-05,
        1.79462131399254e-08,
        8.99264614579922e-12,
        7.3956805092264e-06,
        8.45283427000154e-07,
        0.0001069328340633,
        0.0004316469137186,
        4.2555673139027e-05,
        0.0004453712175081,
        1.16995569192581e-07,
        4.50939800037838e-05
    ],
    "B_pval_x": [
        7.67989523433042e-08
    ],
    "B_pval_y": [
        0.0003997140120423
    ],
    "C_pval_x": [],
    "C_pval_y": [],
    "D_pval_x": [],
    "D_pval_y": [],
    "E_pval_x": [],
    "E_pval_y": [],
    "M": [
        "EF.peg.994",
        "EF.peg.989",
        "EF.peg.473"
    ],
    "S": [],
    "R": [],
    "M_x": [
        -3.69221505060561,
        -2.7791866269096,
        -3.72105467714827
    ],
    "S_x": [],
    "R_x": [],
    "M_y": [
        -3.88740969756041,
        -3.85754508934071,
        -3.61069062176419
    ],
    "S_y": [],
    "R_y": [],
    "M_pval_x": [
        7.2757337581159e-05,
        0.0008405788429639,
        0.0002068591645854
    ],
    "M_pval_y": [
        6.12613963971607e-05,
        1.78156818977358e-05,
        0.0006044576155681
    ],
    "S_pval_x": [],
    "S_pval_y": [],
    "R_pval_x": [],
    "R_pval_y": [],
    "COLORS": [
        "turquoise",
        "crimson",
        "orangered",
        "navy",
        "greenyellow"
    ],
    "params": {
        "FC cond x": "Ag_t90_logFC",
        "FC cond y": "AgXX_t90_logFC",
        "padj cond x": "Ag_t90_padj",
        "padj cond y": "AgXX_t90_padj",
        "incl aver": true,
        "base_dir": "D:/GED_VIS_PROJECT/Dataset7_REDO",
        "filename": "out.csv",
        "zscore": false,
        "Treatment1 name": "Ag_t90",
        "Treatment2 name": "AgXX_t90",
        "Control name": "Ctrl",
        "fig_size": 10,
        "save_dir": "D:/GED_VIS_PROJECT/Dataset7_REDO/Scorecard_FULL",
        "colors": [
            "turquoise",
            "crimson",
            "orangered",
            "navy",
            "greenyellow"
        ],
        "other_colors": [
            "lavenderblush",
            "mistyrose",
            "plum"
        ],
        "th_fold_change": 2,
        "th_significance": 0.001,
        "font_size_quadrants": 8,
        "font_size_examples": 16,
        "marker_trasp": [
            0.95,
            0.8,
            0.65,
            0.45
        ],
        "rect_trasp": [
            0.25,
            0.15,
            0.4
        ],
        "rect_colors": [
            "silver",
            "lightgrey",
            "darkgrey"
        ],
        "markers": [
            "o",
            "^",
            "s",
            "*",
            "X",
            "p",
            "."
        ],
        "markers_sizes": [
            14,
            12,
            10,
            8
        ],
        "is_example": false,
        "use_notation": true,
        "gene_name": "GN",
        "multiplication factor": 2,
        "CSV delimiter": ",",
        "Log Epsilon": 1e-10,
        "Scorecard title": "Nosocomial Ent. faec. under metal stress",
        "labels font size": 18,
        "Total entries": 3025,
        "Quadrant entries": 1230
    }
}