{
    "A": [
        "SMU_1597c",
        "aguA",
        "SMU_310",
        "SMU_313",
        "SMU_494",
        "SMU_574c",
        "SMU_609",
        "arcC",
        "bgl",
        "celR",
        "otcA",
        "pdhC",
        "pfl2",
        "ptcA",
        "ptcB",
        "ptcC",
        "pttB",
        "treA"
    ],
    "B": [
        "SMU_941c",
        "folD",
        "lytR",
        "pdhB"
    ],
    "C": [
        "SMU_308",
        "SMU_309",
        "SMU_311",
        "SMU_312",
        "SMU_314",
        "bglB1",
        "bglB2",
        "bglP",
        "gldA",
        "glgA",
        "glgD"
    ],
    "D": [],
    "E": [],
    "A_x": [
        6.53085439616967,
        4.33790974461782,
        4.22162637259265,
        4.04467792703709,
        4.18214667370844,
        6.24235118868645,
        5.50567386860135,
        5.09981372323819,
        4.31227362982823,
        6.04980132721439,
        4.19416704630844,
        4.60852258051787,
        4.3644579425386,
        6.14931925970487,
        6.53385851357477,
        6.26633306173086,
        5.25388676290492,
        5.34678194134745
    ],
    "B_x": [
        4.15895884829781,
        4.33995527210804,
        4.01463945018614,
        4.03097910325582
    ],
    "C_x": [
        3.84086536167979,
        3.96731121852952,
        3.83056004336287,
        3.87868244759654,
        3.98229216213557,
        2.93393590825854,
        3.13312662636807,
        3.37005555083408,
        3.87216289080871,
        3.82954753735759,
        3.74354597617797
    ],
    "D_x": [],
    "E_x": [],
    "A_y": [
        6.290584453,
        4.323792865,
        4.290082467,
        4.055880759,
        4.419039035,
        6.342039696,
        5.819729114,
        5.087144844,
        4.704941072,
        6.862894718,
        4.365481249,
        4.314062087,
        4.744271169,
        7.091012191,
        6.572766458,
        6.148177387,
        4.763348703,
        4.980581607
    ],
    "B_y": [
        3.862718052,
        3.833233339,
        3.869534703,
        3.577825583
    ],
    "C_y": [
        4.082790004,
        4.154600357,
        4.023679602,
        4.151624019,
        4.015307695,
        4.221406134,
        4.205123103,
        4.553429258,
        4.14698177,
        4.20569939,
        4.112636483
    ],
    "D_y": [],
    "E_y": [],
    "A_pval_x": [
        3.2056901900072796e-30,
        2.44569869167966e-41,
        4.57576959984672e-34,
        1.1818905037618499e-48,
        6.643661659751751e-25,
        8.97684836436753e-09,
        1.10242942139746e-32,
        5.5268394662352e-22,
        1.1109881325637799e-48,
        2.03858431644767e-23,
        4.41244615150659e-32,
        2.1640151054496896e-30,
        2.93425739282621e-48,
        1.37987793430138e-08,
        3.16022275256516e-104,
        3.2791887204305204e-09,
        2.61087360500866e-33,
        6.22956857520928e-32
    ],
    "A_pval_y": [
        7.1e-28,
        5.88e-43,
        1.41e-81,
        1.61e-62,
        8.51e-18,
        7.170000000000001e-35,
        1.66e-219,
        2.12e-28,
        5.35e-90,
        5.100000000000001e-31,
        1.2600000000000001e-35,
        6.2e-29,
        3.09e-59,
        3.74e-33,
        1.0600000000000001e-32,
        8.93e-19,
        2.96e-98,
        3.71e-50
    ],
    "B_pval_x": [
        3.14137117219553e-44,
        1.1833802566351099e-48,
        3.1698012113386e-36,
        1.3374048262659e-28
    ],
    "B_pval_y": [
        2.5599999999999998e-23,
        2.43e-51,
        3.1700000000000003e-43,
        1.26e-15
    ],
    "C_pval_x": [
        7.66850815335652e-33,
        6.96416977345745e-34,
        3.7246960102484397e-28,
        1.0476285583989699e-30,
        1.24971105296338e-27,
        1.10242942139746e-32,
        7.71083736740869e-12,
        5.52094227737193e-24,
        1.3612898975245001e-32,
        7.63217478016223e-40,
        4.27575434772332e-48
    ],
    "C_pval_y": [
        2.0400000000000002e-29,
        5.14e-73,
        5.2999999999999994e-48,
        3.18e-50,
        4.59e-63,
        7.22e-36,
        8.26e-11,
        2.0500000000000002e-26,
        1.3500000000000001e-27,
        5.48e-100,
        1.59e-53
    ],
    "D_pval_x": [],
    "D_pval_y": [],
    "E_pval_x": [],
    "E_pval_y": [],
    "M": [
        "SMU_1104c",
        "SMU_1105c",
        "SMU_1116c",
        "SMU_166",
        "SMU_167",
        "SMU_168",
        "SMU_1704",
        "SMU_1705",
        "SMU_1706",
        "SMU_180",
        "SMU_1862",
        "SMU_1956c",
        "SMU_207c",
        "SMU_2127",
        "aguD",
        "SMU_491",
        "SMU_503c",
        "SMU_507",
        "SMU_508",
        "SMU_527",
        "SMU_631",
        "SMU_704c",
        "SMU_706c",
        "SMU_88c",
        "SMU_89c",
        "SMU_940c",
        "adhA",
        "adhB",
        "adhC",
        "ascB",
        "dacA",
        "galK",
        "galR",
        "glgB",
        "glgC",
        "lplA",
        "lytS",
        "mtlA2",
        "mtlD",
        "oppA",
        "pdhA",
        "pdhD",
        "pfl",
        "phsG",
        "ptnC",
        "sgaT"
    ],
    "S": [
        "SMU_124",
        "SMU_125",
        "SMU_173",
        "SMU_1879",
        "SMU_528c",
        "nnrD",
        "SMU_709",
        "SMU_984",
        "bglA",
        "clpB",
        "galE",
        "galT",
        "gbpC",
        "murF",
        "naoX",
        "ptnA"
    ],
    "R": [
        "SMU_1038c",
        "SMU_1039c",
        "SMU_105",
        "SMU_1106c",
        "mtlR",
        "SMU_138",
        "SMU_179",
        "SMU_1957",
        "SMU_1958c",
        "SMU_210c",
        "purC",
        "adhD",
        "cilA",
        "cilB",
        "citG2",
        "dexB",
        "gtfA",
        "msmF",
        "msmG",
        "msmK",
        "mtlA1"
    ],
    "M_x": [
        2.1016850809439,
        2.16932242720479,
        2.33857647518337,
        2.87443811006421,
        3.5638281538369,
        3.45482443405436,
        3.62383825047222,
        3.11284513780199,
        2.82639657083568,
        2.63384270594975,
        2.38743711211067,
        2.28829018644542,
        2.30046720008549,
        3.08168410524107,
        2.18334540400364,
        2.52759237925493,
        3.15652184702384,
        3.91746876296438,
        3.81966367571947,
        2.75285220766105,
        2.86363997034483,
        3.11140713839069,
        3.33277468797124,
        2.22037927511099,
        2.14691225410952,
        3.95310816940362,
        2.1936488741799,
        2.09626156929962,
        2.02864463363016,
        2.7738780030858,
        2.12090382369849,
        3.76001171286658,
        3.41519138680339,
        2.15664752431416,
        3.24338899297158,
        2.04519150975181,
        3.8703220043611,
        2.25423098859799,
        2.67281761022899,
        2.57770317627234,
        3.39741304923738,
        2.33549583440989,
        2.68916137723623,
        3.71989123704254,
        2.24751977269445,
        2.57001116229347
    ],
    "S_x": [
        2.09451133547593,
        2.65749798263292,
        2.72000963355696,
        2.58657383426132,
        2.38557021305817,
        2.12605410693419,
        2.65710342392144,
        2.02430154449346,
        2.08792074594722,
        2.16828001565336,
        2.11563495576677,
        2.64822389230395,
        2.02346257732314,
        2.16382229218968,
        2.1868869096935,
        2.20027965007828
    ],