{
    "A": [],
    "B": [],
    "C": [],
    "D": [],
    "E": [],
    "A_x": [],
    "B_x": [],
    "C_x": [],
    "D_x": [],
    "E_x": [],
    "A_y": [],
    "B_y": [],
    "C_y": [],
    "D_y": [],
    "E_y": [],
    "A_pval_x": [],
    "A_pval_y": [],
    "B_pval_x": [],
    "B_pval_y": [],
    "C_pval_x": [],
    "C_pval_y": [],
    "D_pval_x": [],
    "D_pval_y": [],
    "E_pval_x": [],
    "E_pval_y": [],
    "M": [
        "SMU_1098c",
        "SMU_1904c",
        "SMU_1905c",
        "SMU_423",
        "SMU_513",
        "SMU_626",
        "SMU_807",
        "SMU_87",
        "SMU_913"
    ],
    "S": [
        "SMU_1006",
        "SMU_1007",
        "SMU_1511c",
        "SMU_836",
        "SMU_86",
        "SMU_954",
        "opuBa",
        "thiD",
        "trpE"
    ],
    "R": [
        "SMU_1193",
        "SMU_1545c",
        "SMU_1782",
        "cshA",
        "SMU_925",
        "SMU_929c",
        "rl11"
    ],
    "M_x": [
        -2.35062372397855,
        -2.06910107685934,
        -3.20541384186951,
        -2.64488286202704,
        -2.04129773640056,
        -2.04741689886678,
        -2.23620068154971,
        -2.16968061551184,
        -2.17331280861716
    ],
    "S_x": [
        -2.03054060080068,
        -2.15868154163263,
        -2.00745691929431,
        -2.28877002973297,
        -2.29872782273243,
        -2.03392394879318,
        -2.10283485140219,
        -2.03464224250715,
        -2.37363750350804
    ],
    "R_x": [
        -1.81401140734666,
        -1.36236826997439,
        -1.49058772065173,
        -1.88431157713931,
        -1.95382557135187,
        -1.31391051565106,
        -1.49014955395068
    ],
    "M_y": [
        -2.071003766,
        -2.020830349,
        -2.422304778,
        -2.572012029,
        -2.451501021,
        -2.014190443,
        -2.123331143,
        -2.038027422,
        -2.498789721
    ],
    "S_y": [
        -1.702707021,
        -1.838667327,
        -1.467929364,
        -1.952910392,
        -1.490953444,
        -1.762535699,
        -1.744677842,
        -1.505609413,
        -1.615856054
    ],
    "R_y": [
        -2.000739251,
        -2.498304211,
        -2.205343154,
        -2.608419987,
        -2.315168943,
        -2.307227819,
        -2.130720788
    ],
    "M_pval_x": [
        1.0762373297545901e-15,
        7.0269337143223e-13,
        7.1083737686471705e-25,
        3.41623093108679e-32,
        5.83781859563552e-07,
        4.92744981544922e-07,
        1.6814771806659901e-31,
        3.85612264255093e-14,
        3.92584070875694e-11
    ],
    "M_pval_y": [
        0.0005289,
        1.26e-06,
        0.000613516,
        5.22e-11,
        4.46e-17,
        2.5e-05,
        1.43e-06,
        2.67e-06,
        1.16e-10
    ],
    "S_pval_x": [
        6.229171506038321e-09,
        2.14152474682795e-16,
        6.512647063673051e-14,
        3.942239499921261e-15,
        1.95653042424079e-23,
        1.17592232249543e-13,
        1.42638729062356e-21,
        4.18844396975271e-15,
        9.39004116474156e-14
    ],
    "S_pval_y": [
        3.99e-05,
        0.000473225,
        6.43e-10,
        3.79e-09,
        5.69e-09,
        6.74e-13,
        3.09e-05,
        8.11e-11,
        1.22e-05
    ],
    "R_pval_x": [
        5.80702459981998e-06,
        6.01688121104598e-06,
        0.0008538995770385,
        5.17050230030947e-07,
        4.2778390108433e-07,
        1.53584355772062e-05,
        2.40171336064396e-09
    ],
    "R_pval_y": [
        0.00064046,
        1.58e-16,
        1.03e-05,
        4.65e-11,
        0.00029639,
        8.46e-12,
        2.21e-11
    ],
    "COLORS": [
        "tomato",
        "darkorange",
        "olivedrab",
        "powderblue",
        "hotpink"
    ],
    "params": {
        "FC cond x": "TSB_versus_Lac_log2FoldChange",
        "FC cond y": "TSB_versus_Xyl_log2FoldChange",
        "padj cond x": "TSB_versus_Lac_padj",
        "padj cond y": "TSB_versus_Xyl_padj",
        "incl aver": true,
        "base_dir": "D:/GED_VIS_PROJECT/Dataset5_REDO",
        "filename": "preproc_data_red.CSV",
        "zscore": false,
        "Treatment1 name": "Lac",
        "Treatment2 name": "Xyl",
        "Control name": "TSB",
        "fig_size": 10,
        "save_dir": "D:/GED_VIS_PROJECT/Dataset5_REDO/Scorecard_restricted_FULL",
        "colors": [
            "tomato",
            "darkorange",
            "olivedrab",
            "powderblue",
            "hotpink"
        ],
        "other_colors": [
            "peru",
            "khaki",
            "lavender"
        ],
        "th_fold_change": 2,
        "th_significance": 0.001,
        "font_size_quadrants": 8,
        "font_size_examples": 16,
        "marker_trasp": [
            0.95,
            0.8,
            0.65,
            0.45
        ],
        "rect_trasp": [
            0.25,
            0.15,
            0.4
        ],
        "rect_colors": [
            "silver",
            "lightgrey",
            "darkgrey"
        ],
        "markers": [
            "o",
            "^",
            "s",
            "*",
            "X",
            "p",
            "."
        ],
        "markers_sizes": [
            14,
            12,
            10,
            8
        ],
        "is_example": false,
        "use_notation": true,
        "gene_name": "Name",
        "multiplication factor": 2,
        "CSV delimiter": ";",
        "Log Epsilon": 1e-10,
        "Scorecard title": "Gene expr. of S. mutans",
        "labels font size": 18,
        "Total entries": 1849,
        "Quadrant entries": 814
    }
}