{
    "A": [
        "SMU_1597c",
        "bgl",
        "celR",
        "lacA",
        "lacB",
        "lacC",
        "lacD",
        "ptcA",
        "ptcB",
        "ptcC"
    ],
    "B": [
        "SMU_310",
        "SMU_313",
        "SMU_494",
        "lacE",
        "lacF",
        "lacG",
        "lacX",
        "lytR",
        "pdhC",
        "pfl2"
    ],
    "C": [],
    "D": [
        "pdhB",
        "pttB",
        "treA"
    ],
    "E": [],
    "A_x": [
        6.53085439616967,
        4.31227362982823,
        6.04980132721439,
        5.98467322075936,
        6.08559154073739,
        5.59054361501078,
        6.34213371501964,
        6.14931925970487,
        6.53385851357477,
        6.26633306173086
    ],
    "B_x": [
        4.22162637259265,
        4.04467792703709,
        4.18214667370844,
        4.24679497141829,
        4.22782767670489,
        4.12760774381059,
        4.00027390357714,
        4.01463945018614,
        4.60852258051787,
        4.3644579425386
    ],
    "C_x": [],
    "D_x": [
        4.03097910325582,
        5.25388676290492,
        5.34678194134745
    ],
    "E_x": [],
    "A_y": [
        -6.064545924,
        -4.192978068,
        -5.503414562,
        -4.906823141,
        -4.551781603,
        -4.272764022,
        -4.471891729,
        -5.567065261,
        -5.042171335,
        -6.476038662
    ],
    "B_y": [
        -2.18238614,
        -3.166132042,
        -2.473805378,
        -3.193537452,
        -3.558481593,
        -3.028338861,
        -2.892462989,
        -2.275744938,
        -2.420068938,
        -2.422775917
    ],
    "C_y": [],
    "D_y": [
        -1.821733382,
        -1.853312921,
        -1.469142546
    ],
    "E_y": [],
    "A_pval_x": [
        3.2056901900072796e-30,
        1.1109881325637799e-48,
        2.03858431644767e-23,
        1.1595245118301101e-20,
        4.4489234755991496e-26,
        3.68482639199489e-16,
        1.91953097486656e-40,
        1.37987793430138e-08,
        3.16022275256516e-104,
        3.2791887204305204e-09
    ],
    "A_pval_y": [
        4.2e-62,
        2.89e-46,
        1.22e-96,
        3.05e-26,
        2.21e-18,
        9.35e-16,
        3.49e-17,
        2.5599999999999998e-61,
        8.61e-73,
        1.38e-63
    ],
    "B_pval_x": [
        4.57576959984672e-34,
        1.1818905037618499e-48,
        6.643661659751751e-25,
        7.91696245381756e-25,
        1.0197307377470001e-19,
        8.56018154926436e-18,
        2.57784879084193e-15,
        3.1698012113386e-36,
        2.1640151054496896e-30,
        2.93425739282621e-48
    ],
    "B_pval_y": [
        8.68e-07,
        1.26e-26,
        4.2e-08,
        3.26e-09,
        5.53e-09,
        1.95e-06,
        9.56e-06,
        1.77e-12,
        1.29e-10,
        1.3e-18
    ],
    "C_pval_x": [],
    "C_pval_y": [],
    "D_pval_x": [
        1.3374048262659e-28,
        2.61087360500866e-33,
        6.22956857520928e-32
    ],
    "D_pval_y": [
        8.21e-05,
        1.97e-10,
        5.09e-05
    ],
    "E_pval_x": [],
    "E_pval_y": [],
    "M": [
        "SMU_1488c",
        "SMU_168",
        "SMU_1704",
        "SMU_1705",
        "SMU_1706",
        "SMU_172",
        "SMU_311",
        "SMU_312",
        "SMU_314",
        "SMU_491",
        "SMU_507",
        "SMU_508",
        "SMU_704c",
        "SMU_706c",
        "SMU_709",
        "SMU_711",
        "adhA",
        "adhC",
        "galR",
        "gldA",
        "lplA",
        "lytS"
    ],
    "S": [
        "SMU_1116c",
        "SMU_173",
        "SMU_180",
        "SMU_2127",
        "SMU_309",
        "SMU_631",
        "adhB",
        "bglP",
        "galK",
        "mtlD",
        "murF",
        "sgaT"
    ],
    "R": [
        "SMU_1977c",
        "folT",
        "adhD",
        "nrdD"
    ],
    "M_x": [
        3.90650249412485,
        3.45482443405436,
        3.62383825047222,
        3.11284513780199,
        2.82639657083568,
        2.60135172153666,
        3.83056004336287,
        3.87868244759654,
        3.98229216213557,
        2.52759237925493,
        3.91746876296438,
        3.81966367571947,
        3.11140713839069,
        3.33277468797124,
        2.65710342392144,
        2.67487147909905,
        2.1936488741799,
        2.02864463363016,
        3.41519138680339,
        3.87216289080871,
        2.04519150975181,
        3.8703220043611
    ],
    "S_x": [
        2.33857647518337,
        2.72000963355696,
        2.63384270594975,
        3.08168410524107,
        3.96731121852952,
        2.86363997034483,
        2.09626156929962,
        3.37005555083408,
        3.76001171286658,
        2.67281761022899,
        2.16382229218968,
        2.57001116229347
    ],
    "R_x": [
        1.53046449032201,
        1.96231465762669,
        1.8881862548959,
        1.84890060829647
    ],
    "M_y": [
        -3.547403352,
        -2.429494746,
        -3.157200229,
        -3.005482152,
        -2.646399342,
        -2.180021227,
        -2.594974584,
        -2.7133766,
        -3.269250234,
        -2.363334808,
        -3.031993812,
        -2.980133557,
        -3.434615863,
        -3.068703326,
        -2.484559461,
        -3.003632033,
        -2.008209053,
        -2.232976759,
        -2.614786406,
        -2.097889509,
        -2.381496701,
        -2.414711231
    ],
    "S_y": [
        -1.022966615,
        -1.500651892,
        -1.442370035,
        -1.71366068,
        -1.945078206,
        -1.616053428,
        -1.965929833,
        -1.16692413,
        -1.283386892,
        -1.606674681,
        -1.457817307,
        -1.162582442
    ],
    "R_y": [
        -2.291945165,
        -2.274491843,
        -2.028298228,
        -2.480648229
    ],
    "M_pval_x": [
        7.26592477433574e-08,
        5.9239869530397194e-40,
        4.99519421694234e-17,
        1.06521326672779e-23,
        7.93705979545585e-22,
        3.37863685006062e-06,
        3.7246960102484397e-28,
        1.0476285583989699e-30,
        1.24971105296338e-27,
        6.463600277905831e-14,
        4.06432765860476e-59,
        3.2540467247020903e-46,
        8.391549856507751e-21,
        5.79143638889046e-28,
        9.10812314083494e-27,
        6.27537586536447e-10,
        7.9286519387182e-08,
        1.1595895079198e-08,
        9.5395113907867e-29,
        1.3612898975245001e-32,
        2.7191129437053598e-22,
        1.1109881325637799e-48
    ],
    "M_pval_y": [
        2.48e-06,
        2.51e-19,
        4.1e-12,
        1.9e-19,
        7.26e-25,
        0.000697858,
        3.62e-15,
        1.92e-13,
        1.3400000000000002e-21,
        1.67e-10,
        1.19e-17,
        3.45e-32,
        1.14e-18,
        6.22e-24,
        1.64e-14,
        5.16e-15,
        2.17e-08,
        5.05e-12,
        5.13e-18,
        5.99e-11,
        2.06e-24,
        4.7e-21
    ],
    "S_pval_x": [
        1.0197307377470001e-19,
        8.91425558835141e-16,
        7.05665219909155e-26,
        5.474247281620429e-48,
        6.96416977345745e-34,
        8.025835345567881e-19,
        3.4211341078238103e-09,
        5.52094227737193e-24,
        1.11208521153657e-66,
        5.59720578238342e-29,
        1.17592232249543e-13,
        2.70462816979673e-17
    ],
    "S_pval_y": [
        0.000206645,
        0.000109214,
        1.01e-05,
        1.22e-18,
        9.78e-10,
        1.98e-05,
        1.04e-10,
        0.000304958,
        0.000110339,
        5.36e-09,
        1.89e-05,
        0.000397566
    ],