{
    "A": [],
    "B": [],
    "C": [],
    "D": [
        "aguA",
        "arcC",
        "otcA"
    ],
    "E": [],
    "A_x": [],
    "B_x": [],
    "C_x": [],
    "D_x": [
        4.33790974461782,
        5.09981372323819,
        4.19416704630844
    ],
    "E_x": [],
    "A_y": [],
    "B_y": [],
    "C_y": [],
    "D_y": [
        1.982650965,
        1.638342328,
        1.906289034
    ],
    "E_y": [],
    "A_pval_x": [],
    "A_pval_y": [],
    "B_pval_x": [],
    "B_pval_y": [],
    "C_pval_x": [],
    "C_pval_y": [],
    "D_pval_x": [
        2.44569869167966e-41,
        5.5268394662352e-22,
        4.41244615150659e-32
    ],
    "D_pval_y": [
        3.27e-05,
        3.75e-05,
        1.11e-09
    ],
    "E_pval_x": [],
    "E_pval_y": [],
    "M": [
        "SMU_1105c",
        "bglB1",
        "lacD2"
    ],
    "S": [
        "SMU_1104c",
        "aguD",
        "SMU_527",
        "SMU_984",
        "ascB",
        "bglA",
        "bglB2"
    ],
    "R": [
        "SMU_1106c",
        "fruP",
        "fruC",
        "fruD"
    ],
    "M_x": [
        2.16932242720479,
        2.93393590825854,
        2.36207252806723
    ],
    "S_x": [
        2.1016850809439,
        2.18334540400364,
        2.75285220766105,
        2.02430154449346,
        2.7738780030858,
        2.08792074594722,
        3.13312662636807
    ],
    "R_x": [
        1.75694268095651,
        1.81096319827447,
        1.41950804445088,
        1.72553071251785
    ],
    "M_y": [
        2.538430924,
        2.015387324,
        2.82886628
    ],
    "S_y": [
        1.888023637,
        1.993873767,
        1.300776026,
        1.918540239,
        1.405281111,
        1.114951725,
        1.59818372
    ],
    "R_y": [
        2.806013796,
        2.018830506,
        2.019999603,
        2.344453756
    ],
    "M_pval_x": [
        2.29101011996357e-07,
        1.10242942139746e-32,
        1.0822058383437201e-15
    ],
    "M_pval_y": [
        6.58e-07,
        1.71e-11,
        9.64e-26
    ],
    "S_pval_x": [
        4.77129914721733e-10,
        1.17592232249543e-13,
        4.07892266359474e-41,
        4.994960646738071e-19,
        4.58110557884893e-41,
        9.201029692039879e-22,
        7.71083736740869e-12
    ],
    "S_pval_y": [
        8.24e-07,
        1.27e-09,
        9.01e-05,
        9.68e-15,
        6.19e-07,
        0.000853501,
        0.000431627
    ],
    "R_pval_x": [
        2.17962655055649e-13,
        4.43626335025846e-06,
        2.47088209354047e-10,
        3.82803494734217e-06
    ],
    "R_pval_y": [
        1.26e-26,
        1.95e-09,
        2.15e-10,
        3.21e-14
    ],
    "COLORS": [
        "tomato",
        "darkorange",
        "olivedrab",
        "powderblue",
        "hotpink"
    ],
    "params": {
        "FC cond x": "TSB_versus_Lac_log2FoldChange",
        "FC cond y": "TSB_versus_Glu_log2FoldChange",
        "padj cond x": "TSB_versus_Lac_padj",
        "padj cond y": "TSB_versus_Glu_padj",
        "incl aver": true,
        "base_dir": "D:/GED_VIS_PROJECT/Dataset5_REDO",
        "filename": "preproc_data_red.CSV",
        "zscore": false,
        "Treatment1 name": "Lac",
        "Treatment2 name": "Glu",
        "Control name": "TSB",
        "fig_size": 10,
        "save_dir": "D:/GED_VIS_PROJECT/Dataset5_REDO/Scorecard_restricted_FULL",
        "colors": [
            "tomato",
            "darkorange",
            "olivedrab",
            "powderblue",
            "hotpink"
        ],
        "other_colors": [
            "peru",
            "khaki",
            "lavender"
        ],
        "th_fold_change": 2,
        "th_significance": 0.001,
        "font_size_quadrants": 8,
        "font_size_examples": 16,
        "marker_trasp": [
            0.95,
            0.8,
            0.65,
            0.45
        ],
        "rect_trasp": [
            0.25,
            0.15,
            0.4
        ],
        "rect_colors": [
            "silver",
            "lightgrey",
            "darkgrey"
        ],
        "markers": [
            "o",
            "^",
            "s",
            "*",
            "X",
            "p",
            "."
        ],
        "markers_sizes": [
            14,
            12,
            10,
            8
        ],
        "is_example": false,
        "use_notation": true,
        "gene_name": "Name",
        "multiplication factor": 2,
        "CSV delimiter": ";",
        "Log Epsilon": 1e-10,
        "Scorecard title": "Gene expr. of S. mutans",
        "labels font size": 18,
        "Total entries": 1814,
        "Quadrant entries": 374
    }
}