{
    "A": [
        "SA_RS15060",
        "SA_RS14495",
        "SA_RS15065",
        "SA_RS05730",
        "SA_RS05795",
        "SA_RS05800",
        "SA_RS12490",
        "SA_RS12520",
        "SA_RS12525",
        "SA_RS12530",
        "SA_RS12540"
    ],
    "B": [
        "SA_RS06495",
        "SA_RS12505"
    ],
    "C": [
        "SA_RS01280",
        "SA_RS03250",
        "SA_RS12535",
        "SA_RS12545",
        "SA_RS12550"
    ],
    "D": [],
    "E": [],
    "A_x": [
        -4.218885923,
        -4.468572902,
        -4.551101885,
        -3.43396033,
        -5.166328922,
        -5.266514896,
        -3.392927382,
        -3.559929626,
        -4.765782687,
        -4.179440754,
        -3.279835085
    ],
    "B_x": [
        -3.418720109,
        -3.147476303
    ],
    "C_x": [
        -2.569419314,
        -2.763268001,
        -2.719297656,
        -2.199334805,
        -2.561026308
    ],
    "D_x": [],
    "E_x": [],
    "A_y": [
        -3.924733405,
        -4.075633414,
        -3.972646005,
        -3.436019412,
        -5.085903236,
        -5.311648371,
        -4.173158998,
        -3.3991351,
        -4.859970437,
        -4.557942953,
        -3.878806645
    ],
    "B_y": [
        -2.609665619,
        -2.687233543
    ],
    "C_y": [
        -3.116030536,
        -3.394207878,
        -3.607661311,
        -3.245177849,
        -3.543458584
    ],
    "D_y": [],
    "E_y": [],
    "A_pval_x": [
        0.001831514,
        4.02e-05,
        9.54e-05,
        0.000200576,
        1.03e-06,
        1.07e-07,
        6.71e-39,
        4.06e-14,
        3.29e-17,
        1.2e-20,
        0.000311524
    ],
    "A_pval_y": [
        0.008815336,
        0.000526461,
        0.001747017,
        1.09e-05,
        7.77e-06,
        8.27e-07,
        2e-15,
        9.55e-12,
        2.3e-17,
        5.13e-17,
        0.000153205
    ],
    "B_pval_x": [
        0.001817642,
        7.14e-18
    ],
    "B_pval_y": [
        0.017468533,
        1.92e-16
    ],
    "C_pval_x": [
        4.66e-09,
        3.62e-13,
        1.33e-07,
        0.018112534,
        8.3e-16
    ],
    "C_pval_y": [
        1.07e-14,
        6.19e-12,
        6.19e-06,
        0.001346635,
        3e-08
    ],
    "D_pval_x": [],
    "D_pval_y": [],
    "E_pval_x": [],
    "E_pval_y": [],
    "COLORS": [
        "goldenrod",
        "limegreen",
        "dodgerblue",
        "sandybrown",
        "crimson"
    ],
    "params": {
        "FC cond x": "Lor_OxvsUn_log2FoldChange",
        "FC cond y": "Lor_OxvsOx_log2FoldChange",
        "padj cond x": "Lor_OxvsUn_padj",
        "padj cond y": "Lor_OxvsOx_padj",
        "incl aver": false,
        "base_dir": "D:/GED_VIS_PROJECT/Dataset3_REDO",
        "filename": "USA100_comp.CSV",
        "zscore": false,
        "Treatment1 name": "Lor_OxvsUn",
        "Treatment2 name": "Lor_OxvsOx",
        "Control name": "Un",
        "fig_size": 10,
        "save_dir": "D:/GED_VIS_PROJECT/Dataset3_REDO/Scorecard_STANDARD",
        "colors": [
            "goldenrod",
            "limegreen",
            "dodgerblue",
            "sandybrown",
            "crimson"
        ],
        "other_colors": [
            "darkcyan",
            "indigo",
            "orangered"
        ],
        "th_fold_change": 2,
        "th_significance": 0.05,
        "font_size_quadrants": 8,
        "font_size_examples": 16,
        "marker_trasp": [
            0.95,
            0.8,
            0.65,
            0.45
        ],
        "rect_trasp": [
            0.25,
            0.15,
            0.4
        ],
        "rect_colors": [
            "silver",
            "lightgrey",
            "darkgrey"
        ],
        "markers": [
            "o",
            "^",
            "s",
            "*",
            "X",
            "p",
            "."
        ],
        "markers_sizes": [
            14,
            12,
            10,
            8
        ],
        "is_example": false,
        "use_notation": false,
        "gene_name": "gene_id",
        "multiplication factor": 1.5,
        "CSV delimiter": ";",
        "Log Epsilon": 1e-10,
        "Scorecard title": "MRSA USA100 cultures",
        "labels font size": 18,
        "Total entries": 3169,
        "Quadrant entries": 1359
    }
}