{
    "A": [
        "SA_RS15060",
        "SA_RS05730",
        "SA_RS05800"
    ],
    "B": [
        "SA_RS05690",
        "SA_RS06495",
        "SA_RS12660"
    ],
    "C": [
        "SA_RS14495",
        "SA_RS15065",
        "SA_RS05795",
        "SA_RS12490",
        "SA_RS12525"
    ],
    "D": [
        "SA_RS05695"
    ],
    "E": [
        "SA_RS03250",
        "SA_RS12520"
    ],
    "A_x": [
        -3.293179594,
        -3.589509055,
        -3.079238378
    ],
    "B_x": [
        -3.715343471,
        -3.03144781,
        -4.681348158
    ],
    "C_x": [
        -2.559721899,
        -2.499355834,
        -2.532634195,
        -2.125221512,
        -2.292731161
    ],
    "D_x": [
        -3.751909041
    ],
    "E_x": [
        -0.824476576,
        -1.991682025
    ],
    "A_y": [
        -3.924733405,
        -3.436019412,
        -5.311648371
    ],
    "B_y": [
        -2.329897653,
        -2.609665619,
        -2.241773325
    ],
    "C_y": [
        -4.075633414,
        -3.972646005,
        -5.085903236,
        -4.173158998,
        -4.859970437
    ],
    "D_y": [
        -1.98381056
    ],
    "E_y": [
        -3.394207878,
        -3.3991351
    ],
    "A_pval_x": [
        0.003745295,
        0.007198317,
        0.000145528
    ],
    "A_pval_y": [
        0.008815336,
        1.09e-05,
        8.27e-07
    ],
    "B_pval_x": [
        8.13e-05,
        0.021411564,
        1.42e-08
    ],
    "B_pval_y": [
        0.039740576,
        0.017468533,
        2.11e-05
    ],
    "C_pval_x": [
        0.005306099,
        0.007231016,
        0.000359323,
        0.001499773,
        0.040932101
    ],
    "C_pval_y": [
        0.000526461,
        0.001747017,
        7.77e-06,
        2e-15,
        2.3e-17
    ],
    "D_pval_x": [
        4.05e-06
    ],
    "D_pval_y": [
        0.03308224
    ],
    "E_pval_x": [
        0.001548243,
        0.021045033
    ],
    "E_pval_y": [
        6.19e-12,
        9.55e-12
    ],
    "COLORS": [
        "goldenrod",
        "limegreen",
        "dodgerblue",
        "sandybrown",
        "crimson"
    ],
    "params": {
        "FC cond x": "Cmpd8_OxvsUn_log2FoldChange",
        "FC cond y": "Lor_OxvsOx_log2FoldChange",
        "padj cond x": "Cmpd8_OxvsUn_padj",
        "padj cond y": "Lor_OxvsOx_padj",
        "incl aver": false,
        "base_dir": "D:/GED_VIS_PROJECT/Dataset3_REDO",
        "filename": "USA100_comp.CSV",
        "zscore": false,
        "Treatment1 name": "Cmpd8_OxvsUn",
        "Treatment2 name": "Lor_OxvsOx",
        "Control name": "Un",
        "fig_size": 10,
        "save_dir": "D:/GED_VIS_PROJECT/Dataset3_REDO/Scorecard_STANDARD",
        "colors": [
            "goldenrod",
            "limegreen",
            "dodgerblue",
            "sandybrown",
            "crimson"
        ],
        "other_colors": [
            "darkcyan",
            "indigo",
            "orangered"
        ],
        "th_fold_change": 2,
        "th_significance": 0.05,
        "font_size_quadrants": 8,
        "font_size_examples": 16,
        "marker_trasp": [
            0.95,
            0.8,
            0.65,
            0.45
        ],
        "rect_trasp": [
            0.25,
            0.15,
            0.4
        ],
        "rect_colors": [
            "silver",
            "lightgrey",
            "darkgrey"
        ],
        "markers": [
            "o",
            "^",
            "s",
            "*",
            "X",
            "p",
            "."
        ],
        "markers_sizes": [
            14,
            12,
            10,
            8
        ],
        "is_example": false,
        "use_notation": false,
        "gene_name": "gene_id",
        "multiplication factor": 1.5,
        "CSV delimiter": ";",
        "Log Epsilon": 1e-10,
        "Scorecard title": "MRSA USA100 cultures",
        "labels font size": 18,
        "Total entries": 3168,
        "Quadrant entries": 1145
    }
}