{
    "A": [
        "SA_RS01295",
        "SA_RS03775",
        "SA_RS03780",
        "SA_RS05670",
        "SA_RS05690",
        "SA_RS05695",
        "SA_RS05730",
        "SA_RS09190",
        "SA_RS10065",
        "SA_RS12660",
        "SA_RS12670",
        "SA_RS12675",
        "SA_RS13430"
    ],
    "B": [
        "SA_RS08315",
        "SA_RS12680"
    ],
    "C": [],
    "D": [],
    "E": [],
    "A_x": [
        3.325517478,
        4.366532041,
        4.250640475,
        4.25556416,
        4.328076146,
        3.763624362,
        3.404927454,
        4.882308287,
        4.650693348,
        4.479802768,
        4.619140535,
        4.352028974,
        8.080887494
    ],
    "B_x": [
        5.648001446,
        3.103523394
    ],
    "C_x": [],
    "D_x": [],
    "E_x": [],
    "A_y": [
        -3.111659192,
        -3.477210979,
        -3.473354808,
        -3.554182127,
        -3.936792547,
        -3.906843391,
        -3.591712639,
        -4.353556893,
        -3.64386303,
        -4.575689671,
        -3.606171133,
        -4.071312543,
        -3.028571017
    ],
    "B_y": [
        -2.617216647,
        -2.708317093
    ],
    "C_y": [],
    "D_y": [],
    "E_y": [],
    "A_pval_x": [
        0.001965823,
        2.58e-30,
        8.130000000000001e-32,
        2.57e-44,
        5.6e-15,
        2.12e-07,
        0.017699357,
        0.025474109,
        1.0000000000000001e-28,
        1.11e-25,
        1.56e-08,
        6.06e-14,
        2.97e-25
    ],
    "A_pval_y": [
        0.007184931,
        1.78e-18,
        1.56e-17,
        1.4500000000000002e-27,
        3.39e-07,
        1.33e-09,
        0.002885793,
        0.026228839,
        1.82e-18,
        1.06e-18,
        4.38e-05,
        8.42e-14,
        0.003813955
    ],
    "B_pval_x": [
        8.27e-16,
        5.99e-05
    ],
    "B_pval_y": [
        0.009954486,
        0.000810562
    ],
    "C_pval_x": [],
    "C_pval_y": [],
    "D_pval_x": [],
    "D_pval_y": [],
    "E_pval_x": [],
    "E_pval_y": [],
    "COLORS": [
        "goldenrod",
        "limegreen",
        "dodgerblue",
        "sandybrown",
        "crimson"
    ],
    "params": {
        "FC cond x": "OxvsCmpd8_log2FoldChange",
        "FC cond y": "Cmpd8_OxvsOx_log2FoldChange",
        "padj cond x": "OxvsCmpd8_padj",
        "padj cond y": "Cmpd8_OxvsOx_padj",
        "incl aver": false,
        "base_dir": "D:/GED_VIS_PROJECT/Dataset3_REDO",
        "filename": "USA100_comp.CSV",
        "zscore": false,
        "Treatment1 name": "OxvsCmpd8",
        "Treatment2 name": "Cmpd8_OxvsOx",
        "Control name": "Un",
        "fig_size": 10,
        "save_dir": "D:/GED_VIS_PROJECT/Dataset3_REDO/Scorecard_STANDARD",
        "colors": [
            "goldenrod",
            "limegreen",
            "dodgerblue",
            "sandybrown",
            "crimson"
        ],
        "other_colors": [
            "darkcyan",
            "indigo",
            "orangered"
        ],
        "th_fold_change": 2,
        "th_significance": 0.05,
        "font_size_quadrants": 8,
        "font_size_examples": 16,
        "marker_trasp": [
            0.95,
            0.8,
            0.65,
            0.45
        ],
        "rect_trasp": [
            0.25,
            0.15,
            0.4
        ],
        "rect_colors": [
            "silver",
            "lightgrey",
            "darkgrey"
        ],
        "markers": [
            "o",
            "^",
            "s",
            "*",
            "X",
            "p",
            "."
        ],
        "markers_sizes": [
            14,
            12,
            10,
            8
        ],
        "is_example": false,
        "use_notation": false,
        "gene_name": "gene_id",
        "multiplication factor": 1.5,
        "CSV delimiter": ";",
        "Log Epsilon": 1e-10,
        "Scorecard title": "MRSA USA100 cultures",
        "labels font size": 18,
        "Total entries": 3181,
        "Quadrant entries": 1158
    }
}