{
    "A": [
        "SMU_1597c",
        "bgl",
        "celR",
        "lacA",
        "lacB",
        "lacC",
        "lacD",
        "ptcA",
        "ptcB",
        "ptcC"
    ],
    "B": [
        "SMU_310",
        "SMU_313",
        "SMU_494",
        "lacE",
        "lacF",
        "lacG",
        "lacX",
        "lytR",
        "pdhC",
        "pfl2"
    ],
    "C": [],
    "D": [
        "pdhB",
        "pttB",
        "treA"
    ],
    "E": [],
    "A_x": [
        6.53085439616967,
        4.31227362982823,
        6.04980132721439,
        5.98467322075936,
        6.08559154073739,
        5.59054361501078,
        6.34213371501964,
        6.14931925970487,
        6.53385851357477,
        6.26633306173086
    ],
    "B_x": [
        4.22162637259265,
        4.04467792703709,
        4.18214667370844,
        4.24679497141829,
        4.22782767670489,
        4.12760774381059,
        4.00027390357714,
        4.01463945018614,
        4.60852258051787,
        4.3644579425386
    ],
    "C_x": [],
    "D_x": [
        4.03097910325582,
        5.25388676290492,
        5.34678194134745
    ],
    "E_x": [],
    "A_y": [
        -6.064545924,
        -4.192978068,
        -5.503414562,
        -4.906823141,
        -4.551781603,
        -4.272764022,
        -4.471891729,
        -5.567065261,
        -5.042171335,
        -6.476038662
    ],
    "B_y": [
        -2.18238614,
        -3.166132042,
        -2.473805378,
        -3.193537452,
        -3.558481593,
        -3.028338861,
        -2.892462989,
        -2.275744938,
        -2.420068938,
        -2.422775917
    ],
    "C_y": [],
    "D_y": [
        -1.821733382,
        -1.853312921,
        -1.469142546
    ],
    "E_y": [],
    "A_pval_x": [
        3.2056901900072796e-30,
        1.1109881325637799e-48,
        2.03858431644767e-23,
        1.1595245118301101e-20,
        4.4489234755991496e-26,
        3.68482639199489e-16,
        1.91953097486656e-40,
        1.37987793430138e-08,
        3.16022275256516e-104,
        3.2791887204305204e-09
    ],
    "A_pval_y": [
        4.2e-62,
        2.89e-46,
        1.22e-96,
        3.05e-26,
        2.21e-18,
        9.35e-16,
        3.49e-17,
        2.5599999999999998e-61,
        8.61e-73,
        1.38e-63
    ],
    "B_pval_x": [
        4.57576959984672e-34,
        1.1818905037618499e-48,
        6.643661659751751e-25,
        7.91696245381756e-25,
        1.0197307377470001e-19,
        8.56018154926436e-18,
        2.57784879084193e-15,
        3.1698012113386e-36,
        2.1640151054496896e-30,
        2.93425739282621e-48
    ],
    "B_pval_y": [
        8.68e-07,
        1.26e-26,
        4.2e-08,
        3.26e-09,
        5.53e-09,
        1.95e-06,
        9.56e-06,
        1.77e-12,
        1.29e-10,
        1.3e-18
    ],
    "C_pval_x": [],
    "C_pval_y": [],
    "D_pval_x": [
        1.3374048262659e-28,
        2.61087360500866e-33,
        6.22956857520928e-32
    ],
    "D_pval_y": [
        8.21e-05,
        1.97e-10,
        5.09e-05
    ],
    "E_pval_x": [],
    "E_pval_y": [],
    "COLORS": [
        "tomato",
        "darkorange",
        "olivedrab",
        "powderblue",
        "hotpink"
    ],
    "params": {
        "FC cond x": "TSB_versus_Lac_log2FoldChange",
        "FC cond y": "TSB_versus_Glu_log2FoldChange",
        "padj cond x": "TSB_versus_Lac_padj",
        "padj cond y": "TSB_versus_Glu_padj",
        "incl aver": false,
        "base_dir": "D:/GED_VIS_PROJECT/Dataset5_REDO",
        "filename": "preproc_data_red.CSV",
        "zscore": false,
        "Treatment1 name": "Lac",
        "Treatment2 name": "Glu",
        "Control name": "TSB",
        "fig_size": 10,
        "save_dir": "D:/GED_VIS_PROJECT/Dataset5_REDO/Scorecard_STANDARD_restricted",
        "colors": [
            "tomato",
            "darkorange",
            "olivedrab",
            "powderblue",
            "hotpink"
        ],
        "other_colors": [
            "peru",
            "khaki",
            "lavender"
        ],
        "th_fold_change": 2,
        "th_significance": 0.001,
        "font_size_quadrants": 8,
        "font_size_examples": 16,
        "marker_trasp": [
            0.95,
            0.8,
            0.65,
            0.45
        ],
        "rect_trasp": [
            0.25,
            0.15,
            0.4
        ],
        "rect_colors": [
            "silver",
            "lightgrey",
            "darkgrey"
        ],
        "markers": [
            "o",
            "^",
            "s",
            "*",
            "X",
            "p",
            "."
        ],
        "markers_sizes": [
            14,
            12,
            10,
            8
        ],
        "is_example": false,
        "use_notation": true,
        "gene_name": "Name",
        "multiplication factor": 2,
        "CSV delimiter": ";",
        "Log Epsilon": 1e-10,
        "Scorecard title": "Gene expr. of S. mutans",
        "labels font size": 18,
        "Total entries": 1814,
        "Quadrant entries": 512
    }
}