{
    "A": [
        "SA_RS05730",
        "SA_RS05800",
        "SA_RS09190",
        "SA_RS10065",
        "SA_RS12660",
        "SA_RS12675"
    ],
    "B": [
        "SA_RS01295",
        "SA_RS03775",
        "SA_RS03780",
        "SA_RS05690",
        "SA_RS05695",
        "SA_RS12670"
    ],
    "C": [
        "SA_RS15060",
        "SA_RS12490",
        "SA_RS12525",
        "SA_RS12680"
    ],
    "D": [],
    "E": [],
    "A_x": [
        -3.591712639,
        -3.110672443,
        -4.353556893,
        -3.64386303,
        -4.575689671,
        -4.071312543
    ],
    "B_x": [
        -3.111659192,
        -3.477210979,
        -3.473354808,
        -3.936792547,
        -3.906843391,
        -3.606171133
    ],
    "C_x": [
        -2.998644848,
        -2.889224361,
        -2.371712124,
        -2.708317093
    ],
    "D_x": [],
    "E_x": [],
    "A_y": [
        4.070142128,
        4.429985854,
        4.690255551,
        3.379571022,
        3.87801713,
        3.249844503
    ],
    "B_y": [
        2.749750068,
        2.895021018,
        2.773483805,
        2.916033409,
        2.720129406,
        2.857872374
    ],
    "C_y": [
        3.812099656,
        4.087103386,
        4.043974,
        3.132021512
    ],
    "D_y": [],
    "E_y": [],
    "A_pval_x": [
        0.002885793,
        0.000810562,
        0.026228839,
        1.82e-18,
        1.06e-18,
        8.42e-14
    ],
    "A_pval_y": [
        0.001549349,
        0.003701547,
        0.022038802,
        2.95e-05,
        5.33e-07,
        5.75e-06
    ],
    "B_pval_x": [
        0.007184931,
        1.78e-18,
        1.56e-17,
        3.39e-07,
        1.33e-09,
        4.38e-05
    ],
    "B_pval_y": [
        0.036401066,
        0.009684003,
        0.000452251,
        0.024628847,
        0.023770828,
        0.000312827
    ],
    "C_pval_x": [
        0.026297609,
        0.000598536,
        0.045957653,
        0.000810562
    ],
    "C_pval_y": [
        0.030326211,
        2.26e-12,
        2.85e-19,
        2.92e-05
    ],
    "D_pval_x": [],
    "D_pval_y": [],
    "E_pval_x": [],
    "E_pval_y": [],
    "COLORS": [
        "goldenrod",
        "limegreen",
        "dodgerblue",
        "sandybrown",
        "crimson"
    ],
    "params": {
        "FC cond x": "Cmpd8_OxvsOx_log2FoldChange",
        "FC cond y": "OxvsLor_log2FoldChange",
        "padj cond x": "Cmpd8_OxvsOx_padj",
        "padj cond y": "OxvsLor_padj",
        "incl aver": false,
        "base_dir": "D:/GED_VIS_PROJECT/Dataset3_REDO",
        "filename": "USA100_comp.CSV",
        "zscore": false,
        "Treatment1 name": "Cmpd8_OxvsOx",
        "Treatment2 name": "OxvsLor",
        "Control name": "Un",
        "fig_size": 10,
        "save_dir": "D:/GED_VIS_PROJECT/Dataset3_REDO/Scorecard_STANDARD",
        "colors": [
            "goldenrod",
            "limegreen",
            "dodgerblue",
            "sandybrown",
            "crimson"
        ],
        "other_colors": [
            "darkcyan",
            "indigo",
            "orangered"
        ],
        "th_fold_change": 2,
        "th_significance": 0.05,
        "font_size_quadrants": 8,
        "font_size_examples": 16,
        "marker_trasp": [
            0.95,
            0.8,
            0.65,
            0.45
        ],
        "rect_trasp": [
            0.25,
            0.15,
            0.4
        ],
        "rect_colors": [
            "silver",
            "lightgrey",
            "darkgrey"
        ],
        "markers": [
            "o",
            "^",
            "s",
            "*",
            "X",
            "p",
            "."
        ],
        "markers_sizes": [
            14,
            12,
            10,
            8
        ],
        "is_example": false,
        "use_notation": false,
        "gene_name": "gene_id",
        "multiplication factor": 1.5,
        "CSV delimiter": ";",
        "Log Epsilon": 1e-10,
        "Scorecard title": "MRSA USA100 cultures",
        "labels font size": 18,
        "Total entries": 3185,
        "Quadrant entries": 1260
    }
}