{
    "A": [
        "EF.peg.1868",
        "EF.peg.658",
        "EF.peg.1803",
        "EF.peg.2546",
        "EF.peg.841",
        "EF.peg.426",
        "EF.peg.871",
        "EF.peg.2637",
        "EF.peg.126",
        "EF.peg.634",
        "EF.peg.1538",
        "EF.peg.635",
        "EF.peg.1142",
        "EF.peg.1135",
        "EF.peg.887",
        "EF.peg.1140",
        "EF.peg.1132",
        "EF.peg.1141"
    ],
    "B": [
        "EF.peg.1144",
        "EF.peg.3034",
        "EF.peg.1146",
        "EF.peg.1125",
        "EF.peg.1151",
        "EF.peg.1129",
        "EF.peg.2685",
        "EF.peg.1126",
        "EF.peg.1131",
        "EF.peg.1149",
        "EF.peg.1133",
        "EF.peg.1136"
    ],
    "C": [],
    "D": [],
    "E": [],
    "A_x": [
        -10.2692864619328,
        -9.41535763712579,
        -9.08591282315135,
        -4.74888258734612,
        -4.37476580241113,
        -9.24939580284643,
        -10.0456305674809,
        -5.68585520758977,
        -10.1763114004432,
        -6.38538002592844,
        -4.29560680878606,
        -6.59762508231055,
        -4.32525660724032,
        -4.41252960180226,
        -8.42323076248182,
        -4.77628530868564,
        -5.47560345245698,
        -5.03340525067521
    ],
    "B_x": [
        -4.18957952920621,
        -6.6509768510006,
        -4.08784890577818,
        -5.03368728396072,
        -4.41720132323644,
        -4.26293241321853,
        -4.54474016713312,
        -4.66689691965602,
        -4.34137211474236,
        -4.10096503780495,
        -4.05577157961598,
        -4.31412572508725
    ],
    "C_x": [],
    "D_x": [],
    "E_x": [],
    "A_y": [
        -10.2692864619328,
        -9.41535763712578,
        -9.08591282315135,
        -5.23913809959409,
        -4.86288858128356,
        -9.24939580284643,
        -10.0456305674809,
        -6.17696917862747,
        -10.1763114004432,
        -4.5761246243133,
        -4.08773324061441,
        -5.95342703775211,
        -4.10252986370184,
        -4.13235793935625,
        -8.42323076248182,
        -4.32205188239259,
        -4.72197364113191,
        -4.87019929158202
    ],
    "B_y": [
        -3.91300517682715,
        -3.98787255876355,
        -3.79547967951949,
        -3.54691940304167,
        -3.84511092737857,
        -3.53778983325087,
        -3.46768811993846,
        -3.59338375239046,
        -3.52133060939021,
        -3.5553903196989,
        -3.71999365569828,
        -3.66531410380806
    ],
    "C_y": [],
    "D_y": [],
    "E_y": [],
    "A_pval_x": [
        5.32654950688352e-10,
        3.51854546057974e-08,
        5.08315625136645e-07,
        7.31321709656316e-06,
        0.0003522420896682,
        3.47935645494291e-06,
        5.56220948348046e-10,
        1.2624861977829e-08,
        2.33198447782789e-10,
        1.31620168317874e-08,
        4.2021709461747e-06,
        5.23915741718697e-08,
        4.85060187910792e-05,
        3.50135933166972e-05,
        3.53411660103209e-05,
        5.06029056451543e-06,
        1.16071959480126e-06,
        7.31321709656316e-06
    ],
    "A_pval_y": [
        8.61638509338891e-09,
        5.24504919672535e-07,
        5.04828672686462e-06,
        8.21226323842061e-06,
        0.0004386173201313,
        2.19135021316963e-05,
        1.05296704256364e-08,
        1.71731345049503e-08,
        4.4327091959051e-09,
        1.81441235183407e-05,
        1.89466612891295e-05,
        9.31589828974176e-07,
        0.0001548571875133,
        0.0001349199391236,
        0.0002233457806821,
        3.82385951113781e-05,
        2.24241903032704e-05,
        1.75029553638477e-05
    ],
    "B_pval_x": [
        5.85269743319567e-05,
        1.67787810062317e-10,
        6.19954709668855e-05,
        2.1052980040022e-06,
        9.77582344357298e-06,
        2.23072610172856e-05,
        1.2346998335562e-05,
        7.80445096170491e-06,
        1.51679183903542e-05,
        0.0001063225425037,
        7.30791023772307e-05,
        4.51639544844149e-05
    ],
    "B_pval_y": [
        0.0002339541533174,
        1.94772580044014e-05,
        0.0002718953773592,
        0.0006630158282935,
        0.0001310674612152,
        0.0004948067057148,
        0.000827691309728,
        0.0005507784125732,
        0.0004983596335972,
        0.0009603135192031,
        0.0003713077762212,
        0.0006138190176813
    ],
    "C_pval_x": [],
    "C_pval_y": [],
    "D_pval_x": [],
    "D_pval_y": [],
    "E_pval_x": [],
    "E_pval_y": [],
    "M": [
        "EF.peg.2316",
        "EF.peg.1143",
        "EF.peg.1145",
        "EF.peg.1139",
        "EF.peg.1137",
        "EF.peg.364"
    ],
    "S": [],
    "R": [],
    "M_x": [
        -3.58184122712594,
        -3.53089929075564,
        -3.38915889454395,
        -3.81569740819152,
        -3.71491938818622,
        -3.56788951929191
    ],
    "S_x": [],
    "R_x": [],
    "M_y": [
        -3.49766848428178,
        -3.90413020032011,
        -3.62435435637821,
        -3.52090974488427,
        -3.3934190561213,
        -3.32423177381587
    ],
    "S_y": [],
    "R_y": [],
    "M_pval_x": [
        0.0003241108759052,
        0.0006057126713637,
        0.0004823073503363,
        0.0001177030852567,
        0.0001568084568359,
        5.22652125043109e-05
    ],
    "M_pval_y": [
        0.0007119613863855,
        0.0002866760091461,
        0.0003425382798649,
        0.0005441767922864,
        0.0007671902861391,
        0.0002366947610563
    ],
    "S_pval_x": [],
    "S_pval_y": [],
    "R_pval_x": [],
    "R_pval_y": [],
    "COLORS": [
        "indigo",
        "darkorange",
        "chocolate",
        "lightcoral",
        "forestgreen"
    ],
    "params": {
        "FC cond x": "V2A_t90_logFC",
        "FC cond y": "V2A_t60_logFC",
        "padj cond x": "V2A_t90_padj",
        "padj cond y": "V2A_t60_padj",
        "incl aver": true,
        "base_dir": "D:/GED_VIS_PROJECT/Dataset7_REDO",
        "filename": "out.csv",
        "zscore": false,
        "Treatment1 name": "V2A_t90",
        "Treatment2 name": "V2A_t60",
        "Control name": "Ctrl",
        "fig_size": 10,
        "save_dir": "D:/GED_VIS_PROJECT/Dataset7_REDO/Scorecard_FULL_time_comp",
        "colors": [
            "indigo",
            "darkorange",
            "chocolate",
            "lightcoral",
            "forestgreen"
        ],
        "other_colors": [
            "mintcream",
            "pink",
            "bisque"
        ],
        "th_fold_change": 2,
        "th_significance": 0.001,
        "font_size_quadrants": 8,
        "font_size_examples": 16,
        "marker_trasp": [
            0.95,
            0.8,
            0.65,
            0.45
        ],
        "rect_trasp": [
            0.25,
            0.15,
            0.4
        ],
        "rect_colors": [
            "silver",
            "lightgrey",
            "darkgrey"
        ],
        "markers": [
            "o",
            "^",
            "s",
            "*",
            "X",
            "p",
            "."
        ],
        "markers_sizes": [
            14,
            12,
            10,
            8
        ],
        "is_example": false,
        "use_notation": true,
        "gene_name": "GN",
        "multiplication factor": 2,
        "CSV delimiter": ",",
        "Log Epsilon": 1e-10,
        "Scorecard title": "Nosocomial Ent. faec. under metal stress",
        "labels font size": 18,
        "Total entries": 3025,
        "Quadrant entries": 1274
    }
}