{
    "A": [
        "EF.peg.992",
        "EF.peg.540",
        "EF.peg.2213",
        "EF.peg.702",
        "EF.peg.2211",
        "EF.peg.2368",
        "EF.peg.274",
        "EF.peg.2215",
        "EF.peg.2212",
        "EF.peg.2845",
        "EF.peg.2180",
        "EF.peg.2375",
        "EF.peg.124",
        "EF.peg.2214",
        "EF.peg.2367"
    ],
    "B": [
        "EF.peg.629",
        "EF.peg.809",
        "EF.peg.1828",
        "EF.peg.1894",
        "EF.peg.2317",
        "EF.peg.1970",
        "EF.peg.2364",
        "EF.peg.1171",
        "EF.peg.2838",
        "EF.peg.2374",
        "EF.peg.1901",
        "EF.peg.377"
    ],
    "C": [
        "EF.peg.951",
        "EF.peg.424",
        "EF.peg.2668",
        "EF.peg.382",
        "EF.peg.384",
        "EF.peg.970",
        "EF.peg.2208",
        "EF.peg.2864",
        "EF.peg.949",
        "EF.peg.383",
        "EF.peg.1195",
        "EF.peg.1427",
        "EF.peg.2209"
    ],
    "D": [],
    "E": [],
    "A_x": [
        8.28782916633502,
        6.42349691606271,
        5.76234053562212,
        8.34115428581853,
        8.33960393805231,
        7.53420218133286,
        4.17933448188141,
        5.29937261458049,
        6.01033284970366,
        4.73335936167527,
        6.1814355706011,
        5.13903940077663,
        4.62294101050889,
        4.34307952069249,
        7.05347467385705
    ],
    "B_x": [
        5.37708163630291,
        6.4638389188702,
        4.63220299551174,
        8.81860510477477,
        4.21994431388065,
        4.99650717564901,
        4.69034540680116,
        4.83754243016939,
        4.7292712145174,
        5.12439816059305,
        5.17585411896501,
        4.77509324779715
    ],
    "C_x": [
        3.03408085176327,
        2.75864064810604,
        2.74758997600653,
        3.6892035436375,
        2.77213175989413,
        3.80228950324049,
        3.24787464105215,
        3.95557630786935,
        3.70845698825625,
        3.59636632011138,
        3.36724501900118,
        3.50621872584976,
        3.57027228701955
    ],
    "D_x": [],
    "E_x": [],
    "A_y": [
        6.68093029307436,
        4.6686983720708,
        5.52778043830489,
        5.28884901647107,
        7.8460123583118,
        4.99000943162752,
        4.16943983169272,
        4.89720303725141,
        5.77926891458569,
        4.01314896710325,
        5.89335564314986,
        4.20487052321235,
        4.65215056201178,
        4.10545000676196,
        5.55247057188141
    ],
    "B_y": [
        3.70838124222719,
        3.34073309861191,
        3.84056134121788,
        3.6407960264803,
        3.50762518262953,
        3.56783446433642,
        2.85886997684098,
        3.79140323860331,
        2.69546441372517,
        3.56280280018428,
        3.86951505267671,
        3.19662320639275
    ],
    "C_y": [
        6.01009655283853,
        5.44589809724033,
        4.754152786985,
        7.19128999768658,
        5.067520373257,
        4.55285420319978,
        4.67966666510477,
        4.12947469452361,
        5.35382982148977,
        7.48601231472703,
        4.84365913681023,
        4.13530111753682,
        4.13570455556304
    ],
    "D_y": [],
    "E_y": [],
    "A_pval_x": [
        2.0622580865094e-08,
        2.68428524969306e-12,
        5.31342798763873e-10,
        2.78774452296951e-18,
        5.6278575722441096e-18,
        3.16232496681541e-21,
        2.57748393566408e-05,
        9.43742405080352e-08,
        1.15772737786185e-08,
        2.57320759231162e-10,
        1.88223925709736e-16,
        3.8715973080909004e-10,
        5.31342798763873e-10,
        1.68470476714832e-06,
        2.14618311877996e-19
    ],
    "A_pval_y": [
        0.0002909269784062,
        1.96627752111205e-07,
        7.94064903855261e-09,
        2.25705415459954e-06,
        1.88919135975229e-15,
        2.15051530917895e-10,
        4.82516106631423e-05,
        3.75900721928371e-06,
        1.68571398159289e-07,
        1.65125335879858e-07,
        8.1030787678528e-15,
        3.61882191027531e-07,
        7.564828573278951e-10,
        1.75029553638477e-05,
        1.43860878773454e-12
    ],
    "B_pval_x": [
        2.57017679814276e-11,
        1.9289143442839e-13,
        7.31321709656316e-06,
        3.37165373548691e-24,
        6.90624641292787e-10,
        1.35737511008138e-11,
        2.0638300772727e-11,
        4.20763698462203e-08,
        5.5452247824450695e-11,
        2.6109872402144503e-09,
        1.27820742541548e-11,
        2.4201602950808902e-09
    ],
    "B_pval_y": [
        4.66396495980592e-06,
        0.000827691309728,
        0.000827691309728,
        0.0006967044123975,
        5.4738542015606e-07,
        2.68647582217172e-06,
        0.0001319082211826,
        0.0001634874034732,
        0.0006283047564125,
        5.46974053339942e-05,
        1.61047831576714e-06,
        0.0001134462083225
    ],
    "C_pval_x": [
        0.0007136365227397,
        0.0002726339117361,
        0.0003949929625253,
        6.63846416533035e-05,
        0.0004090316751439,
        7.67499500357796e-07,
        0.0009396010846223,
        2.1138290750133e-08,
        5.20737618237047e-05,
        1.32469396613301e-05,
        8.15041106936724e-05,
        0.000279532055599,
        0.0001107326384121
    ],
    "C_pval_y": [
        6.55813814270665e-12,
        1.07294214466421e-13,
        1.23216506701962e-10,
        5.54910334466596e-17,
        6.55813814270665e-12,
        4.1474327155753606e-09,
        1.89361267335454e-07,
        7.259953375687391e-09,
        3.65303636179135e-10,
        2.9812634179019403e-19,
        4.55562478022093e-09,
        1.61007990729341e-05,
        5.68056283292018e-06
    ],
    "D_pval_x": [],
    "D_pval_y": [],
    "E_pval_x": [],
    "E_pval_y": [],
    "M": [
        "EF.peg.990",
        "EF.peg.1863",
        "EF.peg.1983",
        "EF.peg.2136",
        "EF.peg.2210",
        "EF.peg.1980",
        "EF.peg.2758",
        "EF.peg.2224",
        "EF.peg.268",
        "EF.peg.1567",
        "EF.peg.2204",
        "EF.peg.1818",
        "EF.peg.541",
        "EF.peg.802",
        "EF.peg.2216"
    ],
    "S": [],
    "R": [],
    "M_x": [
        3.69418707653654,
        3.5701915160803,
        3.84638127760786,
        3.2695218955969,
        3.96927774154294,
        3.53414836234449,
        3.51103107451545,
        3.53919603417554,
        3.26832421043457,
        3.65076519408646,
        2.99036056475815,
        3.34164609962093,
        3.16493033774803,
        2.86639338942315,
        3.46526523740784
    ],
    "S_x": [],
    "R_x": [],
    "M_y": [
        3.42638053400739,
        3.66273941367963,
        2.93708473105043,
        2.9389195876985,
        3.97782709366815,
        2.61970932908797,
        2.88433787968587,
        3.6261473664041,
        3.49702077447464,
        2.91737509554721,
        2.77552625789487,
        2.79446408343646,
        2.76847713455127,
        3.37271054496787,
        3.33585473051105
    ],
    "S_y": [],
    "R_y": [],
    "M_pval_x": [
        0.0001152732305397,
        8.00646986827413e-06,
        8.43802128367413e-08,
        0.0001108247679436,
        1.29337634943763e-06,
        4.46501337990442e-07,
        7.80445096170491e-06,
        4.57471733551948e-06,
        5.1969157852616e-06,
        8.41111160528058e-08,
        0.0001152732305397,
        2.87046587323183e-06,
        1.01929320898111e-05,
        0.0008504334601276,
        0.0001107326384121
    ],