{
    "A": [
        "SMU_1597c",
        "SMU_310",
        "SMU_314",
        "SMU_494",
        "SMU_574c",
        "SMU_609",
        "arcC",
        "celR",
        "pdhC",
        "ptcA",
        "ptcB",
        "ptcC",
        "pttB",
        "treA"
    ],
    "B": [
        "SMU_507",
        "SMU_508",
        "SMU_940c",
        "SMU_941c",
        "folD",
        "lytS"
    ],
    "C": [
        "aguA",
        "SMU_308",
        "SMU_309",
        "SMU_311",
        "SMU_312",
        "SMU_313",
        "bgl",
        "bglB2",
        "bglP",
        "gldA",
        "glgA",
        "glgD",
        "otcA",
        "pfl2"
    ],
    "D": [],
    "E": [
        "bglB1"
    ],
    "A_x": [
        -6.615574931,
        -4.072084034,
        -4.002518734,
        -4.060962738,
        -7.392104256,
        -5.071421057,
        -5.034901595,
        -6.903327188,
        -4.08466107,
        -6.879002964,
        -6.4703375,
        -7.035707439,
        -5.023813509,
        -4.938609053
    ],
    "B_x": [
        -4.972855141,
        -4.722019301,
        -4.011617679,
        -4.312114574,
        -4.462971836,
        -4.040929115
    ],
    "C_x": [
        -3.574749867,
        -3.099029684,
        -3.99885279,
        -3.246841359,
        -3.397310118,
        -3.949594753,
        -3.880511712,
        -2.210812549,
        -2.196301039,
        -3.509591564,
        -3.765734098,
        -3.545714191,
        -3.986874747,
        -3.744665251
    ],
    "D_x": [],
    "E_x": [
        -1.185724262
    ],
    "A_y": [
        6.290584453,
        4.290082467,
        4.015307695,
        4.419039035,
        6.342039696,
        5.819729114,
        5.087144844,
        6.862894718,
        4.314062087,
        7.091012191,
        6.572766458,
        6.148177387,
        4.763348703,
        4.980581607
    ],
    "B_y": [
        2.834716461,
        2.907592463,
        3.831946,
        3.862718052,
        3.833233339,
        3.990000438
    ],
    "C_y": [
        4.323792865,
        4.082790004,
        4.154600357,
        4.023679602,
        4.151624019,
        4.055880759,
        4.704941072,
        4.205123103,
        4.553429258,
        4.14698177,
        4.20569939,
        4.112636483,
        4.365481249,
        4.744271169
    ],
    "D_y": [],
    "E_y": [
        4.221406134
    ],
    "A_pval_x": [
        6.71e-09,
        6.230000000000001e-32,
        1.97e-36,
        3.8600000000000003e-22,
        1.11e-43,
        2.15e-186,
        2.7e-28,
        5.2099999999999995e-93,
        1.52e-47,
        4.3e-92,
        9.68e-56,
        2.44e-44,
        5.66e-101,
        9.31e-80
    ],
    "A_pval_y": [
        7.1e-28,
        1.41e-81,
        4.59e-63,
        8.51e-18,
        7.170000000000001e-35,
        1.66e-219,
        2.12e-28,
        5.100000000000001e-31,
        6.2e-29,
        3.74e-33,
        1.0600000000000001e-32,
        8.93e-19,
        2.96e-98,
        3.71e-50
    ],
    "B_pval_x": [
        1.33e-71,
        9.330000000000001e-58,
        1.84e-28,
        1.94e-61,
        4.86e-68,
        1.6099999999999998e-69
    ],
    "B_pval_y": [
        6.15e-14,
        1.79e-12,
        8.97e-29,
        2.5599999999999998e-23,
        2.43e-51,
        3.6900000000000002e-37
    ],
    "C_pval_x": [
        2.24e-31,
        9.24e-19,
        4.03e-63,
        9.6e-26,
        1.1e-43,
        5.87e-38,
        3.72e-62,
        1.42e-07,
        4.93e-20,
        7.97e-30,
        2.66e-98,
        1.52e-47,
        5e-30,
        7.04e-54
    ],
    "C_pval_y": [
        5.88e-43,
        2.0400000000000002e-29,
        5.14e-73,
        5.2999999999999994e-48,
        3.18e-50,
        1.61e-62,
        5.35e-90,
        8.26e-11,
        2.0500000000000002e-26,
        1.3500000000000001e-27,
        5.48e-100,
        1.59e-53,
        1.2600000000000001e-35,
        3.09e-59
    ],
    "D_pval_x": [],
    "D_pval_y": [],
    "E_pval_x": [
        1.91e-05
    ],
    "E_pval_y": [
        7.22e-36
    ],
    "M": [
        "SMU_1104c",
        "SMU_1116c",
        "SMU_166",
        "SMU_167",
        "SMU_168",
        "SMU_1704",
        "SMU_1705",
        "SMU_1706",
        "SMU_180",
        "SMU_2127",
        "SMU_491",
        "SMU_503c",
        "SMU_527",
        "SMU_631",
        "SMU_704c",
        "SMU_706c",
        "SMU_88c",
        "SMU_89c",
        "adhA",
        "adhC",
        "ascB",
        "galK",
        "galR",
        "glgC",
        "lplA",
        "lytR",
        "oppA",
        "pdhA",
        "pdhB",
        "pfl",
        "phsG",
        "sgaT"
    ],
    "S": [
        "SMU_112c",
        "SMU_124",
        "SMU_125",
        "SMU_1546",
        "SMU_173",
        "SMU_1977c",
        "SMU_528c",
        "nnrD",
        "SMU_709",
        "SMU_984",
        "bglA",
        "galT",
        "murF",
        "nrdD"
    ],
    "R": [
        "SMU_1038c",
        "SMU_1039c",
        "SMU_105",
        "SMU_1105c",
        "SMU_1106c",
        "SMU_179",
        "SMU_210c",
        "aguD",
        "purC",
        "adhB",
        "adhD",
        "cilA",
        "cilB",
        "citG2",
        "dacA",
        "dexB",
        "gtfA",
        "msmF",
        "msmG",
        "msmK",
        "mtlA2",
        "mtlD",
        "pdhD"
    ],
    "M_x": [
        -2.321804595,
        -2.154087409,
        -2.407148904,
        -3.493854305,
        -3.90691157,
        -3.706964988,
        -2.945440642,
        -2.891596037,
        -2.201877912,
        -2.764979425,
        -2.751481812,
        -2.539970669,
        -2.257916018,
        -2.776698646,
        -3.391022054,
        -3.541189093,
        -2.258414496,
        -2.501117053,
        -2.01088743,
        -2.146787484,
        -2.619203157,
        -2.633677395,
        -3.151676557,
        -2.488720606,
        -2.116429173,
        -3.752970086,
        -2.251228659,
        -2.648670223,
        -3.185432917,
        -2.323094707,
        -3.790046176,
        -2.843741543
    ],
    "S_x": [
        -2.376914973,
        -2.49358931,
        -2.76953128,
        -2.08477557,
        -2.988906689,
        -2.86352172,
        -2.302815366,
        -2.069572897,
        -3.004464851,
        -2.058813475,
        -2.086378399,
        -2.220837554,
        -2.246417228,
        -2.645727333
    ],
    "R_x": [
        -0.952889117,
        -1.142332863,
        -1.531539286,
        -1.634001211,
        -1.438736687,
        -1.633868284,
        -1.226693277,
        -1.815047081,
        -1.301063986,
        -1.779474724,
        -1.813029704,
        -1.255291313,
        -1.474688357,
        -1.60767824,
        -1.933574465,
        -1.440407146,
        -1.950176915,
        -1.669431504,
        -1.788983197,
        -1.598347693,
        -1.235340529,
        -1.913440306,
        -1.8482049
    ],